transaction_id,sender_id,receiver_id,amount,timestamp
T6181,ACC1053,ACC1116,58538.0,2023-03-11 05:00:00
T4014,ACC1045,ACC1127,60043.0,2023-05-01 08:03:00
T5150,ACC1011,ACC1199,89870.0,2023-02-18 10:34:00
T4755,ACC1006,ACC1153,48009.0,2023-02-09 18:23:00
T6754,ACC1006,ACC1136,53310.0,2023-06-22 05:43:00
T2425,ACC1072,ACC1117,96661.0,2023-02-07 06:42:00
T5052,ACC1066,ACC1143,7031.0,2023-02-18 08:04:00
T5221,ACC1074,ACC1166,27124.0,2023-04-11 07:44:00
T9988,ACC1080,ACC1131,14678.0,2023-06-15 10:11:00
T9596,ACC1013,ACC1191,39152.0,2023-04-23 19:38:00
T7036,ACC1009,ACC1189,89292.0,2023-04-04 16:10:00
T7389,ACC1019,ACC1178,78594.0,2023-05-07 08:31:00
T5960,ACC1065,ACC1199,94014.0,2023-06-05 10:17:00
T5190,ACC1086,ACC1133,87879.0,2023-04-27 15:22:00
T4289,ACC1053,ACC1136,83353.0,2023-05-04 08:38:00
T9010,ACC1013,ACC1189,61669.0,2023-06-23 17:54:00
T8093,ACC1074,ACC1123,69861.0,2023-01-10 16:33:00
T9015,ACC1026,ACC1117,80156.0,2023-04-20 21:38:00
T9138,ACC1040,ACC1147,11048.0,2023-03-12 01:30:00
T7996,ACC1000,ACC1190,49468.0,2023-06-12 08:22:00
T6420,ACC1053,ACC1134,3494.0,2023-04-28 07:25:00
T8549,ACC1089,ACC1116,14035.0,2023-02-17 15:20:00
T7628,ACC1057,ACC1105,13849.0,2023-06-27 01:06:00
T5386,ACC1064,ACC1163,65447.0,2023-06-09 12:24:00
T5441,ACC1061,ACC1178,29935.0,2023-05-19 18:58:00
T9692,ACC1094,ACC1163,99800.0,2023-01-10 11:12:00
T4206,ACC1015,ACC1131,12914.0,2023-04-22 08:48:00
T8298,ACC1007,ACC1108,16112.0,2023-01-24 21:40:00
T4405,ACC1095,ACC1130,90516.0,2023-05-10 23:23:00
T6015,ACC1018,ACC1172,79580.0,2023-02-02 00:53:00
T4220,ACC1039,ACC1152,60124.0,2023-05-19 12:44:00
T6727,ACC1042,ACC1138,43988.0,2023-02-09 02:43:00
T5979,ACC1077,ACC1104,41285.0,2023-03-24 18:42:00
T6785,ACC1009,ACC1193,77616.0,2023-05-26 17:23:00
T6429,ACC1018,ACC1120,56226.0,2023-01-20 03:05:00
T8252,ACC1060,ACC1192,22926.0,2023-06-11 19:26:00
T9210,ACC1098,ACC1170,86781.0,2023-05-15 18:32:00
T4137,ACC1031,ACC1160,77807.0,2023-05-10 08:03:00
T8456,ACC1025,ACC1148,97517.0,2023-06-02 23:01:00
T8001,ACC1082,ACC1145,72896.0,2023-02-17 13:28:00
T6507,ACC1066,ACC1108,51241.0,2023-05-27 07:08:00
T6762,ACC1020,ACC1159,6622.0,2023-04-08 06:59:00
T4188,ACC1032,ACC1188,20202.0,2023-05-31 01:51:00
T6802,ACC1022,ACC1185,9368.0,2023-06-22 13:25:00
T8844,ACC1084,ACC1165,71198.0,2023-02-08 19:03:00
T6320,ACC1055,ACC1148,9136.0,2023-01-05 03:00:00
T3855,ACC1093,ACC1151,15959.0,2023-05-06 15:21:00
T8950,ACC1045,ACC1127,32099.0,2023-01-16 05:56:00
T7376,ACC1045,ACC1158,89024.0,2023-06-08 15:37:00
T5001,ACC1030,ACC1114,73364.0,2023-03-09 10:54:00
T7656,ACC1073,ACC1137,61163.0,2023-05-12 09:55:00
T1301,ACC1022,ACC1187,9560.0,2023-05-13 06:01:00
T1402,ACC1091,ACC1148,71257.0,2023-03-13 02:00:00
T6482,ACC1008,ACC1113,6954.0,2023-01-09 11:27:00
T2220,ACC1093,ACC1189,58270.0,2023-03-24 06:49:00
T6706,ACC1086,ACC1136,53134.0,2023-01-31 04:26:00
T5522,ACC1076,ACC1173,97319.0,2023-03-30 22:12:00
T5985,ACC1000,ACC1171,10039.0,2023-05-08 20:32:00
T5084,ACC1071,ACC1107,34506.0,2023-06-05 00:43:00
T1001,ACC1037,ACC1194,33705.0,2023-02-06 21:54:00
T7503,ACC1036,ACC1128,96531.0,2023-02-18 06:06:00
T9248,ACC1096,ACC1106,39794.0,2023-04-12 10:38:00
T7458,ACC1015,ACC1161,85993.0,2023-02-09 01:08:00
T8761,ACC1031,ACC1109,2634.0,2023-06-27 01:29:00
T1954,ACC1067,ACC1177,8007.0,2023-02-05 05:56:00
T6316,ACC1082,ACC1117,39670.0,2023-03-31 09:13:00
T3269,ACC1054,ACC1173,8141.0,2023-05-27 02:14:00
T8372,ACC1007,ACC1147,40962.0,2023-02-23 06:45:00
T2072,ACC1047,ACC1138,4504.0,2023-02-21 05:59:00
T1688,ACC1062,ACC1176,1701.0,2023-01-20 03:44:00
T9257,ACC1025,ACC1183,23665.0,2023-02-13 10:28:00
T7827,ACC1093,ACC1186,46788.0,2023-02-23 12:48:00
T9588,ACC1025,ACC1194,17557.0,2023-06-08 01:27:00
T3803,ACC1046,ACC1143,34174.0,2023-02-15 14:02:00
T7462,ACC1047,ACC1141,49418.0,2023-04-23 04:01:00
T6683,ACC1050,ACC1154,62627.0,2023-06-16 11:06:00
T3931,ACC1065,ACC1125,23529.0,2023-03-25 19:31:00
T3745,ACC1030,ACC1184,99408.0,2023-06-17 22:31:00
T3874,ACC1032,ACC1123,76699.0,2023-05-13 05:10:00
T5313,ACC1052,ACC1166,95806.0,2023-05-03 18:04:00
T4066,ACC1068,ACC1109,13389.0,2023-03-04 07:44:00
T5685,ACC1040,ACC1110,93812.0,2023-05-18 08:26:00
T1378,ACC1053,ACC1104,52003.0,2023-06-06 14:23:00
T2298,ACC1002,ACC1122,19877.0,2023-02-22 01:41:00
T4386,ACC1086,ACC1190,43354.0,2023-04-01 18:50:00
T2144,ACC1038,ACC1160,11711.0,2023-02-12 05:43:00
T3163,ACC1082,ACC1150,35367.0,2023-06-09 13:56:00
T1033,ACC1006,ACC1166,2447.0,2023-04-18 19:11:00
T6819,ACC1081,ACC1130,72376.0,2023-06-30 12:32:00
T4246,ACC1025,ACC1154,88050.0,2023-05-17 05:08:00
T5953,ACC1086,ACC1128,90091.0,2023-03-10 07:13:00
T4572,ACC1033,ACC1116,4226.0,2023-03-16 15:24:00
T6777,ACC1036,ACC1175,55383.0,2023-02-17 09:22:00
T2471,ACC1086,ACC1177,27806.0,2023-03-13 17:42:00
T8021,ACC1051,ACC1113,70899.0,2023-04-19 13:53:00
T9552,ACC1086,ACC1197,95770.0,2023-03-31 00:43:00
T1897,ACC1035,ACC1194,48645.0,2023-03-21 03:16:00
T8500,ACC1010,ACC1152,23343.0,2023-03-13 15:30:00
T6932,ACC1073,ACC1104,91859.0,2023-04-05 15:30:00
T3560,ACC1003,ACC1161,9420.0,2023-05-25 11:13:00
T6853,ACC1024,ACC1112,49046.0,2023-05-02 03:39:00
T1547,ACC1033,ACC1115,29136.0,2023-03-08 07:21:00
T3035,ACC1025,ACC1124,53172.0,2023-06-09 12:51:00
T4779,ACC1077,ACC1129,74086.0,2023-02-26 17:01:00
T1171,ACC1043,ACC1166,34247.0,2023-02-15 21:05:00
T6717,ACC1043,ACC1169,75174.0,2023-05-11 18:01:00
T9893,ACC1081,ACC1100,93117.0,2023-04-16 03:49:00
T1218,ACC1069,ACC1145,21816.0,2023-05-13 05:48:00
T9016,ACC1028,ACC1167,23047.0,2023-05-15 13:29:00
T3643,ACC1040,ACC1193,17446.0,2023-02-27 02:43:00
T1054,ACC1088,ACC1176,13333.0,2023-05-24 17:49:00
T5615,ACC1090,ACC1122,5482.0,2023-05-01 15:28:00
T6881,ACC1043,ACC1132,42492.0,2023-05-21 07:09:00
T8922,ACC1048,ACC1193,3575.0,2023-01-23 06:56:00
T1622,ACC1096,ACC1151,39544.0,2023-04-11 23:53:00
T2806,ACC1003,ACC1176,21082.0,2023-02-01 02:56:00
T1607,ACC1066,ACC1185,76728.0,2023-05-23 07:22:00
T1638,ACC1068,ACC1106,78492.0,2023-06-02 00:41:00
T7871,ACC1056,ACC1142,96884.0,2023-04-26 13:16:00
T2013,ACC1073,ACC1170,90575.0,2023-05-05 04:58:00
T3363,ACC1087,ACC1191,15334.0,2023-02-13 17:36:00
T8187,ACC1074,ACC1164,22152.0,2023-02-18 11:05:00
T7815,ACC1048,ACC1179,6732.0,2023-06-04 05:02:00
T3253,ACC1094,ACC1126,21742.0,2023-04-20 22:32:00
T3028,ACC1072,ACC1162,86349.0,2023-04-08 06:20:00
T5304,ACC1085,ACC1193,41517.0,2023-03-02 19:05:00
T4492,ACC1072,ACC1113,68614.0,2023-06-10 19:20:00
T3056,ACC1004,ACC1195,83352.0,2023-03-19 10:38:00
T9095,ACC1008,ACC1106,49540.0,2023-04-08 12:19:00
T1947,ACC1059,ACC1162,83991.0,2023-04-22 05:36:00
T1310,ACC1069,ACC1196,28705.0,2023-06-29 23:02:00
T1177,ACC1022,ACC1122,65511.0,2023-04-07 12:20:00
T3104,ACC1099,ACC1117,45197.0,2023-02-11 20:43:00
T2313,ACC1012,ACC1160,99130.0,2023-01-11 11:14:00
T4782,ACC1080,ACC1143,93052.0,2023-03-15 13:35:00
T7887,ACC1003,ACC1186,23400.0,2023-04-27 02:14:00
T9930,ACC1062,ACC1126,84906.0,2023-06-16 23:12:00
T4611,ACC1008,ACC1128,56695.0,2023-05-18 22:54:00
T1914,ACC1025,ACC1121,41795.0,2023-02-02 03:35:00
T4820,ACC1023,ACC1125,41502.0,2023-03-23 23:42:00
T3449,ACC1045,ACC1142,71997.0,2023-04-18 17:57:00
T6254,ACC1090,ACC1170,98643.0,2023-04-27 09:30:00
T3572,ACC1067,ACC1110,74421.0,2023-01-27 12:57:00
T7885,ACC1075,ACC1114,61746.0,2023-05-23 01:13:00
T1746,ACC1073,ACC1129,37161.0,2023-04-23 23:57:00
T7798,ACC1055,ACC1161,64800.0,2023-01-02 03:11:00
T9328,ACC1024,ACC1155,49955.0,2023-05-06 07:55:00
T3039,ACC1085,ACC1161,74801.0,2023-06-23 12:55:00
T8772,ACC1018,ACC1196,5496.0,2023-05-12 21:17:00
T3079,ACC1093,ACC1108,83958.0,2023-04-05 02:10:00
T2702,ACC1042,ACC1158,12575.0,2023-03-17 02:47:00
T3763,ACC1069,ACC1131,56858.0,2023-04-14 13:49:00
T1477,ACC1043,ACC1159,19976.0,2023-05-11 18:33:00
T2672,ACC1028,ACC1148,5249.0,2023-01-19 01:48:00
T7196,ACC1037,ACC1147,54956.0,2023-04-17 12:13:00
T4071,ACC1072,ACC1152,19017.0,2023-01-21 12:58:00
T2621,ACC1080,ACC1141,81126.0,2023-05-18 16:10:00
T3049,ACC1052,ACC1107,21441.0,2023-04-08 00:07:00
T7809,ACC1078,ACC1146,13170.0,2023-03-16 02:25:00
T5311,ACC1074,ACC1160,62774.0,2023-01-16 15:02:00
T7164,ACC1007,ACC1142,13541.0,2023-04-07 16:00:00
T1068,ACC1030,ACC1136,86669.0,2023-03-23 07:40:00
T2983,ACC1009,ACC1187,23876.0,2023-02-18 05:14:00
T4721,ACC1073,ACC1114,73363.0,2023-04-02 04:01:00
T5583,ACC1074,ACC1195,58924.0,2023-06-24 18:45:00
T1301,ACC1030,ACC1118,61894.0,2023-04-14 06:41:00
T4336,ACC1040,ACC1102,61159.0,2023-05-27 14:28:00
T9473,ACC1045,ACC1142,28881.0,2023-04-24 22:47:00
T4975,ACC1001,ACC1163,50824.0,2023-06-01 23:07:00
T8227,ACC1032,ACC1199,19124.0,2023-02-25 18:48:00
T2537,ACC1056,ACC1140,93993.0,2023-05-26 04:31:00
T2284,ACC1058,ACC1112,36655.0,2023-04-17 01:26:00
T2234,ACC1000,ACC1166,78988.0,2023-01-06 07:10:00
T7308,ACC1052,ACC1197,28138.0,2023-01-31 16:29:00
T4160,ACC1018,ACC1125,42023.0,2023-01-18 22:07:00
T4823,ACC1008,ACC1179,70362.0,2023-02-13 19:45:00
T6111,ACC1051,ACC1186,10789.0,2023-03-23 00:05:00
T6929,ACC1028,ACC1118,72503.0,2023-03-11 10:15:00
T4128,ACC1065,ACC1157,68982.0,2023-06-06 07:59:00
T5030,ACC1070,ACC1157,88014.0,2023-02-04 23:45:00
T2088,ACC1063,ACC1184,56230.0,2023-03-06 11:05:00
T7612,ACC1035,ACC1132,43900.0,2023-05-06 12:17:00
T5347,ACC1015,ACC1188,68882.0,2023-06-10 23:31:00
T3853,ACC1008,ACC1159,18513.0,2023-04-02 10:01:00
T8222,ACC1059,ACC1173,74894.0,2023-06-17 15:13:00
T2850,ACC1020,ACC1114,5634.0,2023-01-05 22:41:00
T3149,ACC1086,ACC1159,94298.0,2023-04-27 23:34:00
T9919,ACC1087,ACC1116,87541.0,2023-05-09 00:54:00
T8040,ACC1067,ACC1116,43621.0,2023-03-24 07:40:00
T2940,ACC1071,ACC1104,89971.0,2023-04-28 15:37:00
T5526,ACC1028,ACC1197,78890.0,2023-06-14 04:18:00
T3712,ACC1023,ACC1175,8057.0,2023-05-16 17:16:00
T1385,ACC1071,ACC1175,55845.0,2023-02-23 02:34:00
T3581,ACC1039,ACC1150,62341.0,2023-06-24 17:16:00
T7162,ACC1032,ACC1191,69273.0,2023-06-04 10:02:00
T2030,ACC1008,ACC1187,93591.0,2023-02-21 05:38:00
T3252,ACC1048,ACC1152,36151.0,2023-06-09 21:06:00
T5178,ACC1050,ACC1152,77047.0,2023-05-29 05:56:00
T5394,ACC1062,ACC1178,92244.0,2023-03-10 15:25:00
T6390,ACC1046,ACC1150,10792.0,2023-03-27 04:09:00
T1586,ACC1084,ACC1167,56877.0,2023-05-06 16:29:00
T5858,ACC1093,ACC1186,1861.0,2023-05-22 16:22:00
T5925,ACC1073,ACC1168,16362.0,2023-05-29 19:04:00
T8889,ACC1026,ACC1129,34976.0,2023-06-11 18:52:00
T6569,ACC1005,ACC1187,49075.0,2023-01-11 14:10:00
T1817,ACC1033,ACC1137,53636.0,2023-02-08 00:38:00
T9974,ACC1075,ACC1135,93360.0,2023-01-11 01:01:00
T9642,ACC1074,ACC1165,61214.0,2023-06-23 18:44:00
T7285,ACC1040,ACC1182,96375.0,2023-01-15 16:06:00
T9351,ACC1057,ACC1150,60312.0,2023-01-18 13:01:00
T5758,ACC1093,ACC1137,71471.0,2023-06-27 12:25:00
T4188,ACC1087,ACC1101,5712.0,2023-02-02 19:24:00
T2554,ACC1055,ACC1193,2254.0,2023-06-30 09:19:00
T9745,ACC1030,ACC1122,12535.0,2023-03-27 16:07:00
T4373,ACC1049,ACC1155,84182.0,2023-03-12 13:18:00
T6752,ACC1034,ACC1110,2766.0,2023-02-19 12:26:00
T2854,ACC1062,ACC1151,79412.0,2023-03-14 13:46:00
T4150,ACC1096,ACC1137,49043.0,2023-06-30 22:47:00
T7695,ACC1031,ACC1139,2407.0,2023-04-26 12:07:00
T8872,ACC1030,ACC1101,32852.0,2023-02-16 18:26:00
T5481,ACC1098,ACC1185,46338.0,2023-03-25 14:06:00
T8099,ACC1088,ACC1152,90399.0,2023-06-20 02:01:00
T5266,ACC1076,ACC1118,11022.0,2023-06-05 01:42:00
T5645,ACC1040,ACC1167,70423.0,2023-04-16 23:03:00
T3852,ACC1097,ACC1129,88494.0,2023-02-26 09:23:00
T6443,ACC1001,ACC1194,45253.0,2023-03-06 18:09:00
T8056,ACC1042,ACC1133,3562.0,2023-05-11 07:21:00
T7663,ACC1096,ACC1143,23684.0,2023-06-14 08:26:00
T6445,ACC1060,ACC1109,84212.0,2023-03-24 20:03:00
T3037,ACC1003,ACC1189,14583.0,2023-03-21 23:27:00
T4205,ACC1090,ACC1101,47183.0,2023-06-09 20:56:00
T9443,ACC1054,ACC1198,74453.0,2023-01-18 00:20:00
T7418,ACC1029,ACC1107,84313.0,2023-03-01 18:50:00
T6442,ACC1025,ACC1156,5378.0,2023-01-05 23:43:00
T5814,ACC1007,ACC1146,35591.0,2023-02-22 20:59:00
T2242,ACC1033,ACC1146,18057.0,2023-06-08 14:49:00
T7436,ACC1002,ACC1180,54539.0,2023-01-02 07:00:00
T4916,ACC1032,ACC1196,36628.0,2023-01-21 17:52:00
T8722,ACC1017,ACC1118,91647.0,2023-03-10 21:19:00
T2928,ACC1016,ACC1188,9810.0,2023-04-21 01:54:00
T3113,ACC1092,ACC1111,55804.0,2023-03-11 21:35:00
T9920,ACC1009,ACC1179,63632.0,2023-03-29 03:22:00
T7964,ACC1015,ACC1159,63737.0,2023-02-26 21:08:00
T3608,ACC1051,ACC1165,20641.0,2023-06-20 13:27:00
T2478,ACC1005,ACC1191,99322.0,2023-02-02 22:36:00
T1167,ACC1016,ACC1197,45640.0,2023-02-03 18:32:00
T2378,ACC1003,ACC1122,13791.0,2023-06-21 05:38:00
T9903,ACC1023,ACC1103,17609.0,2023-01-16 05:26:00
T2899,ACC1037,ACC1182,24572.0,2023-04-15 09:37:00
T7098,ACC1056,ACC1112,60849.0,2023-04-20 07:04:00
T3500,ACC1003,ACC1132,40262.0,2023-06-25 08:25:00
T6433,ACC1013,ACC1131,39366.0,2023-03-05 20:15:00
T4095,ACC1023,ACC1133,77502.0,2023-01-25 16:14:00
T9467,ACC1075,ACC1189,53003.0,2023-03-18 11:27:00
T7769,ACC1083,ACC1185,56259.0,2023-02-12 11:56:00
T8348,ACC1078,ACC1169,15690.0,2023-05-23 10:15:00
T5249,ACC1066,ACC1133,40183.0,2023-06-08 19:34:00
T9532,ACC1041,ACC1104,17674.0,2023-05-18 07:55:00
T3289,ACC1039,ACC1130,43550.0,2023-03-13 21:18:00
T3523,ACC1054,ACC1127,51583.0,2023-03-24 22:58:00
T5997,ACC1056,ACC1157,2871.0,2023-05-26 11:48:00
T6108,ACC1043,ACC1182,47448.0,2023-01-01 02:55:00
T6123,ACC1048,ACC1137,23589.0,2023-01-13 09:35:00
T7521,ACC1039,ACC1192,11966.0,2023-06-16 23:16:00
T2816,ACC1017,ACC1118,36888.0,2023-02-03 00:23:00
T3311,ACC1019,ACC1146,71060.0,2023-06-02 19:27:00
T3605,ACC1066,ACC1136,63023.0,2023-05-13 10:14:00
T1675,ACC1042,ACC1114,76859.0,2023-05-15 22:19:00
T4864,ACC1063,ACC1171,62235.0,2023-02-17 02:35:00
T5949,ACC1044,ACC1110,51772.0,2023-04-05 02:54:00
T1557,ACC1004,ACC1140,38133.0,2023-05-21 07:02:00
T1967,ACC1095,ACC1159,50908.0,2023-04-16 08:27:00
T8486,ACC1042,ACC1113,25462.0,2023-03-23 13:39:00
T7566,ACC1006,ACC1132,8319.0,2023-02-08 19:15:00
T8822,ACC1078,ACC1184,91555.0,2023-05-02 15:04:00
T4140,ACC1049,ACC1161,51418.0,2023-03-02 13:10:00
T8606,ACC1080,ACC1117,4846.0,2023-02-01 23:41:00
T6633,ACC1002,ACC1123,30885.0,2023-05-08 03:56:00
T8632,ACC1057,ACC1135,35612.0,2023-03-24 18:09:00
T9330,ACC1090,ACC1150,71908.0,2023-04-03 21:03:00
T5372,ACC1027,ACC1149,95952.0,2023-01-26 18:08:00
T4626,ACC1086,ACC1137,39147.0,2023-02-01 17:11:00
T3499,ACC1091,ACC1103,11907.0,2023-06-09 22:37:00
T5545,ACC1058,ACC1175,33390.0,2023-03-23 12:53:00
T3487,ACC1044,ACC1177,69674.0,2023-06-09 08:42:00
T2361,ACC1058,ACC1155,69516.0,2023-01-11 00:26:00
T8214,ACC1010,ACC1173,33032.0,2023-04-22 00:37:00
T5911,ACC1096,ACC1102,4139.0,2023-02-03 12:10:00
T5679,ACC1095,ACC1145,7616.0,2023-06-05 03:49:00
T6660,ACC1047,ACC1143,15788.0,2023-03-15 04:33:00
T7101,ACC1012,ACC1150,38509.0,2023-04-21 04:08:00
T3645,ACC1056,ACC1198,41703.0,2023-05-05 14:02:00
T7502,ACC1043,ACC1115,71608.0,2023-06-17 16:22:00
T7360,ACC1055,ACC1149,28212.0,2023-02-20 02:01:00
T1030,ACC1021,ACC1165,71104.0,2023-02-02 07:02:00
T1603,ACC1066,ACC1140,33171.0,2023-02-28 14:03:00
T2456,ACC1075,ACC1108,57536.0,2023-03-25 22:16:00
T4207,ACC1042,ACC1180,26742.0,2023-02-02 07:41:00
T1611,ACC1095,ACC1184,97095.0,2023-06-09 10:29:00
T7656,ACC1045,ACC1138,66069.0,2023-04-04 20:26:00
T4453,ACC1063,ACC1122,93028.0,2023-03-03 08:17:00
T9548,ACC1069,ACC1199,79015.0,2023-03-30 20:22:00
T4991,ACC1078,ACC1114,85197.0,2023-06-16 23:27:00
T5668,ACC1030,ACC1142,11383.0,2023-05-12 20:35:00
T4642,ACC1069,ACC1159,54981.0,2023-03-14 18:19:00
T9519,ACC1038,ACC1134,26529.0,2023-02-28 09:34:00
T7275,ACC1066,ACC1165,17294.0,2023-01-20 20:18:00
T1920,ACC1084,ACC1123,78443.0,2023-05-12 00:57:00
T8381,ACC1018,ACC1173,62958.0,2023-02-09 11:43:00
T1330,ACC1013,ACC1189,63870.0,2023-05-04 18:54:00
T5953,ACC1099,ACC1150,75095.0,2023-03-26 11:05:00
T6131,ACC1031,ACC1199,1481.0,2023-05-30 14:17:00
T7886,ACC1084,ACC1142,79707.0,2023-03-26 23:08:00
T7845,ACC1075,ACC1180,40364.0,2023-04-19 06:44:00
T6137,ACC1067,ACC1134,22514.0,2023-05-04 08:34:00
T2351,ACC1006,ACC1121,44103.0,2023-06-21 12:35:00
T2417,ACC1073,ACC1180,79000.0,2023-05-09 03:27:00
T9799,ACC1075,ACC1102,74391.0,2023-05-23 23:09:00
T3954,ACC1065,ACC1112,6799.0,2023-02-22 17:41:00
T7438,ACC1005,ACC1113,47638.0,2023-03-29 11:02:00
T3725,ACC1049,ACC1145,61180.0,2023-04-13 05:19:00
T2102,ACC1004,ACC1132,98087.0,2023-04-21 11:50:00
T5632,ACC1008,ACC1197,43768.0,2023-05-28 02:04:00
T2119,ACC1094,ACC1152,68618.0,2023-03-04 00:02:00
T6544,ACC1015,ACC1174,12256.0,2023-05-03 17:11:00
T7101,ACC1099,ACC1151,39030.0,2023-03-05 13:48:00
T1176,ACC1021,ACC1148,60587.0,2023-06-12 11:46:00
T5767,ACC1093,ACC1109,79285.0,2023-04-04 01:20:00
T7858,ACC1073,ACC1125,48169.0,2023-05-20 21:40:00
T7267,ACC1082,ACC1117,71319.0,2023-02-10 00:37:00
T2507,ACC1064,ACC1145,11737.0,2023-02-05 07:38:00
T9041,ACC1010,ACC1111,15370.0,2023-03-17 11:00:00
T7866,ACC1084,ACC1162,96986.0,2023-05-30 13:10:00
T9075,ACC1037,ACC1148,77706.0,2023-02-16 23:39:00
T9707,ACC1069,ACC1106,80565.0,2023-02-05 13:31:00
T4999,ACC1077,ACC1116,26561.0,2023-03-21 00:37:00
T4896,ACC1099,ACC1143,3785.0,2023-01-01 02:24:00
T1469,ACC1052,ACC1165,42625.0,2023-03-24 13:14:00
T4322,ACC1065,ACC1120,88331.0,2023-03-11 07:16:00
T4144,ACC1012,ACC1166,35759.0,2023-04-28 10:51:00
T4324,ACC1088,ACC1167,11167.0,2023-05-07 16:19:00
T8694,ACC1088,ACC1163,42682.0,2023-06-30 20:01:00
T7133,ACC1034,ACC1172,28716.0,2023-05-14 15:13:00
T5388,ACC1058,ACC1111,69774.0,2023-03-26 17:25:00
T9407,ACC1079,ACC1191,86006.0,2023-01-08 23:18:00
T4222,ACC1088,ACC1179,76276.0,2023-02-18 06:52:00
T7312,ACC1092,ACC1184,57810.0,2023-06-15 19:18:00
T3962,ACC1004,ACC1138,54698.0,2023-04-14 04:31:00
T6022,ACC1073,ACC1138,51018.0,2023-03-25 12:43:00
T2463,ACC1095,ACC1168,95840.0,2023-04-09 09:38:00
T5968,ACC1023,ACC1177,20895.0,2023-05-23 01:19:00
T8943,ACC1005,ACC1151,92543.0,2023-04-26 11:29:00
T4080,ACC1022,ACC1127,38264.0,2023-05-17 10:17:00
T4517,ACC1045,ACC1199,69355.0,2023-02-11 12:37:00
T2223,ACC1044,ACC1107,78890.0,2023-04-07 17:06:00
T6918,ACC1006,ACC1135,51557.0,2023-05-18 17:28:00
T1157,ACC1031,ACC1126,31177.0,2023-06-24 13:37:00
T3271,ACC1011,ACC1189,80948.0,2023-05-21 23:34:00
T9401,ACC1038,ACC1126,83682.0,2023-04-20 02:12:00
T8643,ACC1030,ACC1129,20376.0,2023-01-30 21:53:00
T3931,ACC1065,ACC1108,64704.0,2023-02-16 00:56:00
T5836,ACC1068,ACC1114,68471.0,2023-05-11 13:42:00
T6646,ACC1051,ACC1135,80343.0,2023-04-19 12:05:00
T1378,ACC1027,ACC1111,75490.0,2023-03-17 00:28:00
T4376,ACC1010,ACC1109,34529.0,2023-02-17 23:31:00
T3758,ACC1029,ACC1137,38518.0,2023-02-13 20:20:00
T8548,ACC1073,ACC1129,76223.0,2023-05-21 11:03:00
T9999,ACC1004,ACC1128,36691.0,2023-04-10 20:48:00
T3627,ACC1022,ACC1195,69525.0,2023-03-27 21:11:00
T6115,ACC1084,ACC1147,72238.0,2023-06-11 04:58:00
T7506,ACC1049,ACC1122,40460.0,2023-04-23 02:54:00
T8267,ACC1036,ACC1149,21519.0,2023-06-29 16:28:00
T9862,ACC1019,ACC1195,28582.0,2023-04-14 13:16:00
T7056,ACC1081,ACC1163,81919.0,2023-01-23 03:28:00
T7129,ACC1088,ACC1198,94727.0,2023-01-03 09:59:00
T9320,ACC1031,ACC1129,93807.0,2023-02-18 08:51:00
T1585,ACC1001,ACC1110,30230.0,2023-01-08 17:15:00
T5872,ACC1087,ACC1118,21998.0,2023-06-11 14:07:00
T1362,ACC1006,ACC1120,44028.0,2023-06-08 10:09:00
T8041,ACC1044,ACC1116,21301.0,2023-06-21 22:12:00
T5614,ACC1064,ACC1100,63269.0,2023-01-25 18:41:00
T9912,ACC1070,ACC1139,58082.0,2023-06-23 02:52:00
T6963,ACC1019,ACC1173,19182.0,2023-04-18 18:32:00
T8985,ACC1057,ACC1124,7427.0,2023-06-27 15:12:00
T7741,ACC1064,ACC1126,43370.0,2023-02-05 08:55:00
T1608,ACC1059,ACC1141,60941.0,2023-06-24 08:14:00
T2943,ACC1090,ACC1150,82346.0,2023-05-14 01:19:00
T6204,ACC1041,ACC1129,30776.0,2023-03-09 12:45:00
T2857,ACC1092,ACC1163,58430.0,2023-04-14 03:05:00
T5167,ACC1091,ACC1129,82264.0,2023-03-19 09:04:00
T8162,ACC1050,ACC1150,33183.0,2023-02-21 00:43:00
T3647,ACC1016,ACC1125,24493.0,2023-06-03 08:36:00
T8899,ACC1095,ACC1100,29258.0,2023-03-26 09:25:00
T4819,ACC1053,ACC1142,87199.0,2023-05-26 04:19:00
T6267,ACC1095,ACC1167,87839.0,2023-06-07 04:59:00
T8917,ACC1026,ACC1131,90783.0,2023-05-27 22:21:00
T7578,ACC1092,ACC1116,77105.0,2023-06-16 02:56:00
T7826,ACC1061,ACC1177,60573.0,2023-03-01 16:25:00
T9729,ACC1048,ACC1188,66411.0,2023-01-10 17:08:00
T5231,ACC1018,ACC1155,76201.0,2023-03-15 02:10:00
T7820,ACC1006,ACC1139,58179.0,2023-05-23 06:47:00
T6284,ACC1049,ACC1144,98761.0,2023-04-05 19:05:00
T8824,ACC1082,ACC1189,32039.0,2023-02-11 13:26:00
T5089,ACC1070,ACC1140,48345.0,2023-06-02 06:39:00
T1159,ACC1090,ACC1176,71438.0,2023-02-25 14:06:00
T5578,ACC1033,ACC1177,59634.0,2023-02-24 13:14:00
T7932,ACC1018,ACC1182,92568.0,2023-02-11 19:28:00
T6330,ACC1061,ACC1140,41533.0,2023-03-31 10:34:00
T7488,ACC1054,ACC1172,49440.0,2023-03-26 14:06:00
T9763,ACC1043,ACC1155,59885.0,2023-04-15 05:51:00
T4113,ACC1008,ACC1112,65364.0,2023-02-10 12:00:00
T6210,ACC1015,ACC1137,95876.0,2023-03-26 10:36:00
T6917,ACC1070,ACC1101,26302.0,2023-02-22 15:07:00
T9006,ACC1089,ACC1143,96312.0,2023-04-02 18:01:00
T6251,ACC1092,ACC1169,90696.0,2023-04-29 12:50:00
T8317,ACC1021,ACC1149,36523.0,2023-05-29 14:53:00
T6764,ACC1078,ACC1163,7965.0,2023-02-27 19:47:00
T1797,ACC1042,ACC1181,18432.0,2023-02-09 01:02:00
T8564,ACC1094,ACC1116,94639.0,2023-01-19 16:57:00
T1561,ACC1031,ACC1168,86105.0,2023-04-25 01:02:00
T5491,ACC1013,ACC1144,85501.0,2023-04-29 09:27:00
T5701,ACC1082,ACC1130,30266.0,2023-02-11 15:38:00
T1471,ACC1048,ACC1107,38280.0,2023-06-04 18:11:00
T4997,ACC1094,ACC1156,26867.0,2023-01-23 06:13:00
T8529,ACC1067,ACC1118,79584.0,2023-04-15 18:38:00
T2218,ACC1030,ACC1164,20842.0,2023-05-13 04:00:00
T3341,ACC1051,ACC1130,85352.0,2023-06-13 00:14:00
T5473,ACC1016,ACC1106,24151.0,2023-01-25 11:23:00
T3528,ACC1036,ACC1152,5473.0,2023-05-31 20:00:00
T1006,ACC1031,ACC1176,97988.0,2023-05-05 07:11:00
T8813,ACC1015,ACC1100,51940.0,2023-01-20 20:01:00
T1313,ACC1084,ACC1140,21014.0,2023-05-16 09:04:00
T7972,ACC1044,ACC1193,32085.0,2023-03-05 15:38:00
T1315,ACC1037,ACC1108,30692.0,2023-02-03 17:35:00
T3668,ACC1083,ACC1197,92366.0,2023-02-28 22:32:00
T1109,ACC1005,ACC1145,41045.0,2023-03-24 22:05:00
T1411,ACC1033,ACC1121,92499.0,2023-01-24 18:59:00
T1584,ACC1059,ACC1143,76418.0,2023-03-05 09:51:00
T8380,ACC1097,ACC1193,72821.0,2023-02-09 05:30:00
T8365,ACC1072,ACC1164,3126.0,2023-05-10 20:37:00
T7253,ACC1090,ACC1137,83381.0,2023-06-19 22:00:00
T4208,ACC1054,ACC1150,59833.0,2023-05-12 07:53:00
T1017,ACC1023,ACC1134,48763.0,2023-01-08 11:41:00
T2504,ACC1009,ACC1136,18413.0,2023-02-28 01:21:00
T2657,ACC1031,ACC1113,41257.0,2023-06-23 10:28:00
T9783,ACC1028,ACC1172,85021.0,2023-01-31 05:40:00
T8097,ACC1064,ACC1155,24361.0,2023-03-01 03:41:00
T6875,ACC1008,ACC1169,5533.0,2023-05-17 08:53:00
T1633,ACC1010,ACC1163,49049.0,2023-03-11 23:01:00
T5010,ACC1073,ACC1136,55777.0,2023-04-12 23:33:00
T4657,ACC1056,ACC1146,98054.0,2023-04-27 23:32:00
T1399,ACC1036,ACC1195,86991.0,2023-01-09 15:53:00
T5247,ACC1032,ACC1126,53294.0,2023-03-22 11:50:00
T4720,ACC1065,ACC1185,1877.0,2023-05-19 09:14:00
T9873,ACC1006,ACC1156,83142.0,2023-06-13 01:52:00
T8224,ACC1052,ACC1151,5076.0,2023-05-12 03:57:00
T5690,ACC1075,ACC1118,48594.0,2023-04-02 08:53:00
T1614,ACC1035,ACC1199,79458.0,2023-02-21 20:26:00
T5908,ACC1019,ACC1111,86673.0,2023-05-01 14:31:00
T9903,ACC1073,ACC1106,60080.0,2023-06-27 07:27:00
T1857,ACC1038,ACC1128,44174.0,2023-05-30 22:33:00
T3752,ACC1036,ACC1148,84255.0,2023-02-21 22:32:00
T7539,ACC1062,ACC1131,18348.0,2023-01-21 07:10:00
T5674,ACC1071,ACC1173,24878.0,2023-01-12 01:27:00
T7804,ACC1098,ACC1126,10337.0,2023-03-07 14:43:00
T2453,ACC1059,ACC1113,82858.0,2023-04-12 16:26:00
T9505,ACC1007,ACC1107,85548.0,2023-06-14 16:46:00
T1873,ACC1064,ACC1130,48864.0,2023-05-28 12:44:00
T6889,ACC1092,ACC1117,53975.0,2023-06-19 11:07:00
T5017,ACC1050,ACC1183,99472.0,2023-05-13 10:22:00
T8888,ACC1008,ACC1116,92878.0,2023-01-18 15:18:00
T5224,ACC1085,ACC1104,41863.0,2023-01-18 15:07:00
T1909,ACC1077,ACC1151,3851.0,2023-02-27 22:54:00
T7879,ACC1008,ACC1131,73156.0,2023-02-19 20:28:00
T1751,ACC1077,ACC1161,40776.0,2023-06-16 06:13:00
T5681,ACC1043,ACC1167,14277.0,2023-04-21 09:04:00
T2355,ACC1065,ACC1116,51549.0,2023-03-30 01:15:00
T2101,ACC1056,ACC1179,94050.0,2023-03-17 23:12:00
T4452,ACC1065,ACC1110,61757.0,2023-06-12 04:13:00
T4303,ACC1077,ACC1116,17969.0,2023-06-18 00:20:00
T2831,ACC1066,ACC1104,63813.0,2023-03-24 18:50:00
T5261,ACC1049,ACC1165,94999.0,2023-05-31 21:01:00
T7336,ACC1083,ACC1112,15614.0,2023-06-13 19:27:00
T7668,ACC1044,ACC1192,70403.0,2023-03-19 01:38:00
T6483,ACC1085,ACC1162,21616.0,2023-05-11 02:29:00
T8161,ACC1077,ACC1140,6953.0,2023-02-11 09:14:00
T5868,ACC1040,ACC1179,43969.0,2023-01-27 05:07:00
T7477,ACC1051,ACC1197,89817.0,2023-05-25 01:36:00
T4398,ACC1083,ACC1117,8462.0,2023-04-13 07:59:00
T3715,ACC1050,ACC1147,20116.0,2023-04-29 01:30:00
T2727,ACC1015,ACC1104,77699.0,2023-04-20 03:38:00
T2606,ACC1011,ACC1158,23277.0,2023-04-21 07:21:00
T1272,ACC1079,ACC1193,17176.0,2023-01-01 02:20:00
T5370,ACC1071,ACC1133,53297.0,2023-05-17 10:18:00
T6618,ACC1026,ACC1115,28197.0,2023-01-02 00:30:00
T2711,ACC1096,ACC1141,63204.0,2023-01-06 12:09:00
T4094,ACC1023,ACC1193,17720.0,2023-05-15 18:01:00
T1113,ACC1032,ACC1167,77627.0,2023-04-22 21:29:00
T7830,ACC1091,ACC1159,27408.0,2023-01-11 05:20:00
T5307,ACC1081,ACC1104,43993.0,2023-01-21 21:31:00
T3322,ACC1033,ACC1180,51907.0,2023-05-04 10:42:00
T1253,ACC1001,ACC1135,43424.0,2023-03-21 08:52:00
T3934,ACC1019,ACC1112,61671.0,2023-02-06 20:09:00
T8080,ACC1064,ACC1187,25739.0,2023-06-26 14:10:00
T8430,ACC1049,ACC1101,70749.0,2023-02-02 21:36:00
T1651,ACC1058,ACC1146,59915.0,2023-02-19 16:00:00
T4347,ACC1092,ACC1102,32275.0,2023-02-08 16:25:00
T7228,ACC1004,ACC1132,20205.0,2023-01-19 07:54:00
T8690,ACC1088,ACC1161,91080.0,2023-06-30 08:54:00
T8932,ACC1002,ACC1179,51953.0,2023-06-16 22:53:00
T6658,ACC1096,ACC1169,89905.0,2023-03-10 01:11:00
T5336,ACC1039,ACC1139,50654.0,2023-02-23 10:13:00
T1791,ACC1069,ACC1151,76660.0,2023-04-09 18:15:00
T9125,ACC1097,ACC1110,43168.0,2023-04-20 15:08:00
T2792,ACC1072,ACC1149,96178.0,2023-06-10 23:40:00
T2679,ACC1076,ACC1186,17514.0,2023-01-24 11:49:00
T2715,ACC1024,ACC1112,80356.0,2023-02-12 13:48:00
T4768,ACC1096,ACC1194,69951.0,2023-04-25 00:45:00
T6236,ACC1084,ACC1187,2622.0,2023-03-27 05:48:00
T5528,ACC1057,ACC1152,46035.0,2023-03-23 03:16:00
T2332,ACC1056,ACC1168,41968.0,2023-03-25 10:01:00
T4857,ACC1045,ACC1131,32645.0,2023-06-13 22:22:00
T8232,ACC1014,ACC1164,67438.0,2023-03-03 08:06:00
T5990,ACC1008,ACC1197,37578.0,2023-02-28 04:01:00
T4300,ACC1076,ACC1187,86084.0,2023-05-06 19:30:00
T7339,ACC1076,ACC1158,64812.0,2023-02-16 19:18:00
T2314,ACC1008,ACC1130,82618.0,2023-05-05 06:58:00
T5293,ACC1025,ACC1178,21556.0,2023-01-19 19:44:00
T5295,ACC1096,ACC1183,74801.0,2023-04-06 13:10:00
T8808,ACC1080,ACC1182,38545.0,2023-04-23 05:25:00
T7527,ACC1055,ACC1170,67548.0,2023-03-31 13:56:00
T9130,ACC1008,ACC1108,26538.0,2023-05-02 09:34:00
T9022,ACC1012,ACC1134,12281.0,2023-02-16 23:48:00
T7945,ACC1047,ACC1101,95980.0,2023-02-28 17:17:00
T7551,ACC1095,ACC1135,90190.0,2023-03-02 17:29:00
T8661,ACC1096,ACC1155,59143.0,2023-04-05 13:32:00
T9074,ACC1086,ACC1160,35041.0,2023-05-29 01:53:00
T1984,ACC1005,ACC1115,43001.0,2023-04-09 09:27:00
T5093,ACC1012,ACC1121,88295.0,2023-01-07 22:38:00
T2813,ACC1092,ACC1106,82026.0,2023-05-05 16:34:00
T1870,ACC1070,ACC1154,81532.0,2023-03-30 16:30:00
T9940,ACC1023,ACC1173,65239.0,2023-01-05 12:29:00
T9617,ACC1066,ACC1104,82214.0,2023-04-25 10:46:00
T7415,ACC1065,ACC1132,44947.0,2023-04-20 20:04:00
T9888,ACC1044,ACC1109,88881.0,2023-05-18 06:38:00
T5511,ACC1087,ACC1190,72685.0,2023-01-30 23:12:00
T7577,ACC1003,ACC1134,69091.0,2023-05-26 15:19:00
T5675,ACC1095,ACC1118,80169.0,2023-06-04 11:04:00
T8733,ACC1047,ACC1154,48215.0,2023-05-27 20:59:00
T3458,ACC1027,ACC1119,4770.0,2023-06-10 18:36:00
T8047,ACC1073,ACC1152,90466.0,2023-01-14 13:06:00
T3305,ACC1092,ACC1102,47449.0,2023-05-26 18:43:00
T5889,ACC1049,ACC1196,81176.0,2023-03-31 13:57:00
T4989,ACC1098,ACC1132,46127.0,2023-06-07 03:53:00
T6740,ACC1003,ACC1163,80656.0,2023-04-13 22:38:00
T9859,ACC1013,ACC1157,53777.0,2023-04-09 02:20:00
T5369,ACC1082,ACC1191,48219.0,2023-04-01 14:04:00
T7061,ACC1044,ACC1130,62187.0,2023-02-08 09:24:00
T5359,ACC1035,ACC1191,44331.0,2023-01-17 08:26:00
T3668,ACC1037,ACC1170,74962.0,2023-02-12 12:46:00
T4802,ACC1051,ACC1108,54453.0,2023-05-17 06:09:00
T9808,ACC1084,ACC1137,55119.0,2023-03-29 21:01:00
T1254,ACC1078,ACC1110,78464.0,2023-03-16 19:01:00
T9853,ACC1099,ACC1163,62254.0,2023-05-05 11:57:00
T5455,ACC1046,ACC1114,79566.0,2023-04-09 00:23:00
T4959,ACC1083,ACC1186,21145.0,2023-04-30 06:56:00
T2186,ACC1037,ACC1183,29466.0,2023-06-02 19:07:00
T6402,ACC1015,ACC1175,32658.0,2023-03-27 02:36:00
T6410,ACC1087,ACC1163,65709.0,2023-05-17 14:17:00
T3996,ACC1002,ACC1124,72995.0,2023-06-17 08:25:00
T9190,ACC1000,ACC1188,69819.0,2023-05-25 05:05:00
T7644,ACC1044,ACC1180,69294.0,2023-03-14 21:12:00
T4246,ACC1057,ACC1177,25463.0,2023-01-05 09:04:00
T5099,ACC1043,ACC1168,3222.0,2023-06-23 20:02:00
T9507,ACC1097,ACC1160,45912.0,2023-01-05 00:08:00
T5576,ACC1064,ACC1153,22010.0,2023-03-10 07:58:00
T1303,ACC1085,ACC1150,53702.0,2023-01-19 18:27:00
T7842,ACC1090,ACC1105,59385.0,2023-01-23 10:12:00
T6117,ACC1030,ACC1135,81435.0,2023-04-29 03:00:00
T5322,ACC1000,ACC1199,67199.0,2023-06-04 19:31:00
T5500,ACC1065,ACC1174,64285.0,2023-01-25 00:09:00
T7162,ACC1017,ACC1146,89978.0,2023-06-20 13:12:00
T1438,ACC1019,ACC1173,34701.0,2023-03-13 10:30:00
T9925,ACC1080,ACC1162,46531.0,2023-03-24 04:22:00
T8749,ACC1059,ACC1197,30523.0,2023-05-16 12:23:00
T2423,ACC1064,ACC1155,89708.0,2023-05-10 18:56:00
T3719,ACC1064,ACC1199,48138.0,2023-02-02 02:03:00
T2399,ACC1045,ACC1196,31231.0,2023-02-25 08:18:00
T8412,ACC1003,ACC1121,68800.0,2023-05-17 15:27:00
T3744,ACC1086,ACC1113,37928.0,2023-02-28 21:06:00
T8219,ACC1016,ACC1198,86799.0,2023-06-26 12:45:00
T8641,ACC1091,ACC1185,51024.0,2023-01-05 04:46:00
T5473,ACC1062,ACC1112,7905.0,2023-06-15 12:34:00
T9600,ACC1097,ACC1191,68501.0,2023-03-03 04:43:00
T6964,ACC1090,ACC1144,36239.0,2023-03-23 23:45:00
T8622,ACC1002,ACC1105,60014.0,2023-02-23 12:03:00
T5310,ACC1013,ACC1135,21423.0,2023-03-03 14:38:00
T7433,ACC1051,ACC1174,19192.0,2023-01-21 22:14:00
T4764,ACC1018,ACC1172,50175.0,2023-06-03 08:55:00
T6417,ACC1002,ACC1154,91607.0,2023-05-26 18:07:00
T3597,ACC1049,ACC1120,39308.0,2023-02-23 04:36:00
T4108,ACC1013,ACC1199,7350.0,2023-04-28 22:17:00
T9366,ACC1010,ACC1149,77446.0,2023-06-04 10:06:00
T8293,ACC1019,ACC1120,96367.0,2023-03-11 12:53:00
T6639,ACC1062,ACC1186,3465.0,2023-06-16 21:46:00
T6029,ACC1022,ACC1169,2948.0,2023-01-21 11:41:00
T8925,ACC1040,ACC1199,11620.0,2023-02-20 10:57:00
T3716,ACC1074,ACC1134,25739.0,2023-04-29 10:23:00
T3651,ACC1093,ACC1180,81317.0,2023-02-08 16:49:00
T5953,ACC1011,ACC1108,93759.0,2023-01-06 15:55:00
T6199,ACC1015,ACC1107,71574.0,2023-04-14 22:57:00
T7082,ACC1072,ACC1166,76100.0,2023-06-22 14:05:00
T4330,ACC1072,ACC1196,1340.0,2023-04-02 21:18:00
T4155,ACC1009,ACC1144,5354.0,2023-05-31 08:29:00
T4217,ACC1088,ACC1135,5117.0,2023-05-28 21:56:00
T6893,ACC1005,ACC1109,96700.0,2023-05-25 22:52:00
T9578,ACC1000,ACC1117,82179.0,2023-06-03 13:37:00
T3320,ACC1028,ACC1143,34538.0,2023-01-17 05:16:00
T1749,ACC1022,ACC1151,68870.0,2023-04-29 19:52:00
T4401,ACC1018,ACC1172,90858.0,2023-02-06 00:12:00
T4158,ACC1015,ACC1151,19608.0,2023-02-02 10:11:00
T5644,ACC1041,ACC1176,71496.0,2023-06-07 01:45:00
T1646,ACC1065,ACC1181,48562.0,2023-03-24 03:08:00
T6568,ACC1026,ACC1158,30442.0,2023-04-24 14:46:00
T6225,ACC1043,ACC1126,5075.0,2023-03-30 11:35:00
T6842,ACC1004,ACC1144,5978.0,2023-04-25 23:04:00
T9286,ACC1013,ACC1162,97813.0,2023-06-25 21:37:00
T4857,ACC1018,ACC1169,89385.0,2023-01-02 22:59:00
T6925,ACC1032,ACC1113,68122.0,2023-01-27 22:04:00
T3235,ACC1060,ACC1153,57492.0,2023-05-24 07:27:00
T6417,ACC1091,ACC1177,76150.0,2023-06-15 11:19:00
T8749,ACC1059,ACC1198,30569.0,2023-05-20 20:05:00
T9217,ACC1030,ACC1162,79050.0,2023-06-12 01:28:00
T6692,ACC1057,ACC1113,30040.0,2023-02-24 12:46:00
T8440,ACC1071,ACC1114,29661.0,2023-01-06 09:19:00
T4072,ACC1056,ACC1196,2582.0,2023-04-06 17:07:00
T8019,ACC1083,ACC1118,1555.0,2023-02-07 08:06:00
T7774,ACC1052,ACC1107,4691.0,2023-05-19 19:08:00
T4029,ACC1026,ACC1147,80842.0,2023-03-19 02:37:00
T2155,ACC1017,ACC1123,78685.0,2023-03-21 15:46:00
T6494,ACC1094,ACC1151,34869.0,2023-02-15 05:03:00
T9536,ACC1055,ACC1195,54701.0,2023-02-23 05:34:00
T4657,ACC1069,ACC1118,23632.0,2023-05-31 12:47:00
T6108,ACC1035,ACC1124,99569.0,2023-03-03 12:19:00
T2783,ACC1019,ACC1159,87405.0,2023-06-19 01:39:00
T4956,ACC1066,ACC1163,60663.0,2023-03-17 03:30:00
T8063,ACC1077,ACC1173,48802.0,2023-02-10 21:53:00
T3087,ACC1099,ACC1138,57360.0,2023-03-01 13:47:00
T1519,ACC1085,ACC1157,92159.0,2023-04-24 07:53:00
T5430,ACC1032,ACC1191,81651.0,2023-03-21 08:34:00
T2539,ACC1032,ACC1116,72717.0,2023-02-06 12:59:00
T6267,ACC1053,ACC1167,19089.0,2023-06-11 18:48:00
T7213,ACC1073,ACC1118,57277.0,2023-06-05 21:32:00
T3469,ACC1000,ACC1198,39437.0,2023-03-08 21:45:00
T4574,ACC1086,ACC1138,5933.0,2023-03-01 17:20:00
T3572,ACC1048,ACC1171,51440.0,2023-01-28 00:42:00
T8318,ACC1096,ACC1129,91710.0,2023-04-13 09:35:00
T1372,ACC1059,ACC1148,27497.0,2023-04-02 10:07:00
T4443,ACC1057,ACC1167,7811.0,2023-03-21 07:49:00
T6011,ACC1085,ACC1167,93983.0,2023-03-25 21:18:00
T9694,ACC1091,ACC1123,53054.0,2023-06-21 11:32:00
T9537,ACC1074,ACC1176,42802.0,2023-01-22 03:32:00
T5065,ACC1009,ACC1123,26499.0,2023-01-17 00:22:00
T8273,ACC1057,ACC1199,88606.0,2023-06-07 19:38:00
T4687,ACC1018,ACC1194,50932.0,2023-01-01 12:25:00
T1224,ACC1012,ACC1166,60122.0,2023-05-24 06:36:00
T4024,ACC1043,ACC1170,33986.0,2023-03-09 00:52:00
T5661,ACC1011,ACC1114,97948.0,2023-03-30 05:24:00
T5582,ACC1034,ACC1135,50869.0,2023-01-06 00:57:00
T6417,ACC1050,ACC1134,8151.0,2023-03-07 18:11:00
T2470,ACC1032,ACC1192,56021.0,2023-06-01 09:29:00
T3506,ACC1032,ACC1183,77382.0,2023-04-02 14:43:00
T7398,ACC1044,ACC1137,47222.0,2023-01-17 01:11:00
T1190,ACC1086,ACC1136,17732.0,2023-01-23 17:03:00
T7165,ACC1097,ACC1132,60711.0,2023-05-05 05:33:00
T1591,ACC1051,ACC1194,76887.0,2023-05-02 01:32:00
T6432,ACC1017,ACC1129,29877.0,2023-04-22 04:49:00
T6592,ACC1080,ACC1193,9179.0,2023-06-17 22:59:00
T7848,ACC1088,ACC1100,60146.0,2023-01-17 00:05:00
T3520,ACC1088,ACC1172,21337.0,2023-06-01 09:34:00
T9566,ACC1081,ACC1149,51468.0,2023-02-25 21:27:00
T9561,ACC1026,ACC1150,17422.0,2023-06-19 21:32:00
T7365,ACC1093,ACC1150,84836.0,2023-05-05 18:14:00
T5577,ACC1083,ACC1189,35593.0,2023-03-25 13:28:00
T7980,ACC1028,ACC1103,49349.0,2023-04-29 07:18:00
T4203,ACC1066,ACC1116,72236.0,2023-02-06 22:19:00
T3046,ACC1017,ACC1126,46609.0,2023-06-17 03:28:00
T9089,ACC1023,ACC1171,86967.0,2023-05-19 15:20:00
T7918,ACC1089,ACC1168,54169.0,2023-04-24 12:13:00
T8597,ACC1023,ACC1126,32294.0,2023-02-27 20:49:00
T7005,ACC1036,ACC1111,30273.0,2023-04-17 08:21:00
T3666,ACC1064,ACC1184,85175.0,2023-05-03 07:22:00
T9689,ACC1047,ACC1188,6029.0,2023-02-04 03:40:00
T5735,ACC1090,ACC1103,20182.0,2023-03-14 07:02:00
T2032,ACC1027,ACC1159,32498.0,2023-03-28 11:20:00
T8390,ACC1003,ACC1132,85460.0,2023-01-31 02:36:00
T8849,ACC1007,ACC1174,75014.0,2023-01-12 11:12:00
T9856,ACC1042,ACC1135,95437.0,2023-04-02 11:12:00
T4639,ACC1015,ACC1136,54387.0,2023-05-23 15:17:00
T2072,ACC1015,ACC1197,3732.0,2023-03-23 17:50:00
T7683,ACC1076,ACC1140,27831.0,2023-03-10 10:55:00
T4160,ACC1053,ACC1121,57300.0,2023-06-27 01:54:00
T9834,ACC1068,ACC1100,29753.0,2023-05-25 10:22:00
T9687,ACC1098,ACC1173,49227.0,2023-02-09 21:00:00
T4282,ACC1038,ACC1199,54566.0,2023-02-10 12:39:00
T2096,ACC1000,ACC1198,34857.0,2023-02-10 19:54:00
T9741,ACC1041,ACC1182,44769.0,2023-02-26 13:36:00
T9358,ACC1079,ACC1144,59393.0,2023-03-22 11:04:00
T5287,ACC1053,ACC1149,39332.0,2023-01-07 02:32:00
T5151,ACC1073,ACC1105,5164.0,2023-03-21 10:46:00
T9097,ACC1095,ACC1111,58479.0,2023-05-03 07:49:00
T3638,ACC1025,ACC1103,4863.0,2023-03-28 11:43:00
T5505,ACC1088,ACC1180,49404.0,2023-05-17 15:04:00
T7961,ACC1071,ACC1136,40625.0,2023-04-16 22:36:00
T7425,ACC1025,ACC1104,96409.0,2023-01-31 09:17:00
T7883,ACC1052,ACC1104,80869.0,2023-05-03 15:59:00
T6414,ACC1033,ACC1150,61286.0,2023-05-05 02:13:00
T5368,ACC1081,ACC1175,44952.0,2023-03-03 15:09:00
T3541,ACC1047,ACC1122,8982.0,2023-01-15 16:02:00
T1875,ACC1094,ACC1187,22890.0,2023-03-30 01:50:00
T9867,ACC1048,ACC1101,3971.0,2023-04-28 10:43:00
T2406,ACC1078,ACC1106,2329.0,2023-05-23 19:41:00
T1322,ACC1051,ACC1162,93674.0,2023-04-15 19:04:00
T8183,ACC1038,ACC1176,70728.0,2023-02-07 02:21:00
T6517,ACC1054,ACC1113,64919.0,2023-01-27 20:34:00
T8002,ACC1048,ACC1146,35758.0,2023-05-06 21:35:00
T2818,ACC1004,ACC1102,66091.0,2023-03-22 13:52:00
T1263,ACC1009,ACC1165,2600.0,2023-02-21 05:12:00
T1138,ACC1044,ACC1146,11166.0,2023-06-11 19:54:00
T7327,ACC1066,ACC1170,98842.0,2023-04-17 06:02:00
T1539,ACC1012,ACC1184,64129.0,2023-04-30 16:47:00
T3382,ACC1070,ACC1119,34032.0,2023-03-26 07:05:00
T6888,ACC1001,ACC1133,32409.0,2023-04-12 17:43:00
T4454,ACC1015,ACC1144,6182.0,2023-04-22 14:24:00
T1470,ACC1078,ACC1124,43072.0,2023-05-30 14:17:00
T4356,ACC1016,ACC1139,91637.0,2023-05-07 14:46:00
T8909,ACC1064,ACC1190,5994.0,2023-05-10 17:46:00
T3937,ACC1031,ACC1132,39737.0,2023-03-14 10:15:00
T6822,ACC1047,ACC1133,56983.0,2023-06-19 16:29:00
T2531,ACC1044,ACC1147,56370.0,2023-01-24 01:58:00
T9396,ACC1056,ACC1117,76732.0,2023-01-23 21:37:00
T9537,ACC1004,ACC1139,50151.0,2023-06-05 16:49:00
T3420,ACC1038,ACC1148,96050.0,2023-06-12 13:15:00
T3329,ACC1066,ACC1119,17090.0,2023-01-11 00:04:00
T9835,ACC1041,ACC1136,82021.0,2023-03-26 20:20:00
T4217,ACC1049,ACC1183,78121.0,2023-01-30 10:38:00
T2667,ACC1037,ACC1186,61905.0,2023-02-14 15:38:00
T8209,ACC1090,ACC1149,39966.0,2023-04-05 17:34:00
T7255,ACC1004,ACC1149,73302.0,2023-06-24 05:47:00
T9419,ACC1021,ACC1184,55237.0,2023-06-05 17:06:00
T5092,ACC1032,ACC1117,93107.0,2023-03-05 04:54:00
T7642,ACC1074,ACC1130,21288.0,2023-04-09 13:30:00
T3761,ACC1070,ACC1128,62774.0,2023-06-17 03:25:00
T8868,ACC1017,ACC1196,29350.0,2023-02-22 00:12:00
T9740,ACC1018,ACC1134,41218.0,2023-01-14 09:50:00
T9946,ACC1082,ACC1132,45579.0,2023-03-18 03:47:00
T5518,ACC1059,ACC1162,53498.0,2023-06-18 15:56:00
T3581,ACC1032,ACC1145,60562.0,2023-01-13 11:26:00
T8175,ACC1032,ACC1176,66938.0,2023-02-14 11:30:00
T4546,ACC1092,ACC1116,14412.0,2023-01-30 00:11:00
T6719,ACC1041,ACC1165,55430.0,2023-04-25 15:46:00
T6455,ACC1086,ACC1137,13745.0,2023-05-19 19:05:00
T9498,ACC1070,ACC1128,94451.0,2023-04-06 07:20:00
T6726,ACC1035,ACC1193,49266.0,2023-04-18 17:21:00
T3981,ACC1059,ACC1123,98983.0,2023-01-31 07:54:00
T8176,ACC1004,ACC1171,78233.0,2023-02-03 07:41:00
T9045,ACC1034,ACC1140,44596.0,2023-04-06 20:59:00
T6427,ACC1078,ACC1179,30470.0,2023-01-03 08:24:00
T3901,ACC1053,ACC1108,45339.0,2023-04-21 08:06:00
T3757,ACC1038,ACC1194,64616.0,2023-02-05 05:41:00
T6048,ACC1055,ACC1118,36626.0,2023-03-17 02:30:00
T4357,ACC1055,ACC1101,79831.0,2023-04-05 08:19:00
T7541,ACC1006,ACC1181,63375.0,2023-02-11 22:00:00
T9409,ACC1067,ACC1119,93649.0,2023-02-12 04:13:00
T1246,ACC1091,ACC1112,33080.0,2023-01-22 15:13:00
T8736,ACC1013,ACC1162,48102.0,2023-05-19 20:56:00
T8890,ACC1072,ACC1175,54968.0,2023-06-27 10:01:00
T8198,ACC1039,ACC1147,88842.0,2023-04-17 02:16:00
T6506,ACC1009,ACC1120,24920.0,2023-03-12 18:41:00
T5917,ACC1053,ACC1179,91087.0,2023-05-16 10:53:00
T6446,ACC1059,ACC1145,98789.0,2023-02-06 09:53:00
T5813,ACC1042,ACC1100,50364.0,2023-06-29 17:24:00
T4995,ACC1028,ACC1130,17962.0,2023-01-23 15:26:00
T8532,ACC1000,ACC1104,41093.0,2023-04-26 21:52:00
T9892,ACC1076,ACC1109,63662.0,2023-06-09 20:21:00
T7777,ACC1043,ACC1117,5105.0,2023-05-14 20:08:00
T9332,ACC1067,ACC1168,55655.0,2023-02-26 18:35:00
T1892,ACC1055,ACC1138,97135.0,2023-03-12 03:06:00
T5780,ACC1014,ACC1130,13619.0,2023-06-11 03:47:00
T5745,ACC1039,ACC1197,24859.0,2023-06-21 01:53:00
T2501,ACC1034,ACC1152,74835.0,2023-02-06 15:09:00
T5862,ACC1014,ACC1143,67448.0,2023-06-02 23:48:00
T5804,ACC1096,ACC1170,75597.0,2023-02-23 17:08:00
T5929,ACC1066,ACC1141,69973.0,2023-03-21 05:47:00
T2521,ACC1006,ACC1135,78293.0,2023-03-25 01:41:00
T3204,ACC1086,ACC1121,42337.0,2023-06-24 18:29:00
T2000,ACC1024,ACC1166,38522.0,2023-03-27 04:38:00
T8092,ACC1079,ACC1187,35614.0,2023-05-14 04:12:00
T5584,ACC1008,ACC1170,77335.0,2023-03-04 21:12:00
T5531,ACC1091,ACC1152,72309.0,2023-03-27 22:57:00
T5402,ACC1041,ACC1162,93902.0,2023-01-20 04:03:00
T6392,ACC1017,ACC1175,81657.0,2023-03-16 07:48:00
T1687,ACC1053,ACC1158,74960.0,2023-03-24 19:42:00
T8247,ACC1017,ACC1101,11490.0,2023-03-15 01:14:00
T1599,ACC1050,ACC1109,44920.0,2023-01-17 11:13:00
T3241,ACC1080,ACC1196,48914.0,2023-03-22 07:35:00
T1909,ACC1058,ACC1132,92459.0,2023-06-23 14:55:00
T3855,ACC1077,ACC1194,38703.0,2023-06-30 13:47:00
T6403,ACC1035,ACC1165,44093.0,2023-05-17 19:11:00
T5517,ACC1048,ACC1144,1322.0,2023-05-14 17:10:00
T1947,ACC1094,ACC1196,44902.0,2023-06-03 13:18:00
T9772,ACC1071,ACC1175,22119.0,2023-03-15 21:07:00
T9907,ACC1047,ACC1174,62044.0,2023-03-22 17:55:00
T1560,ACC1075,ACC1166,42405.0,2023-06-30 04:07:00
T4668,ACC1065,ACC1129,98172.0,2023-03-30 04:02:00
T6212,ACC1016,ACC1157,32210.0,2023-05-07 04:00:00
T7098,ACC1063,ACC1175,54682.0,2023-06-13 10:32:00
T4847,ACC1095,ACC1134,42061.0,2023-03-27 09:04:00
T5131,ACC1001,ACC1122,45465.0,2023-05-10 02:45:00
T6973,ACC1031,ACC1142,12563.0,2023-06-29 12:08:00
T1856,ACC1036,ACC1163,48471.0,2023-06-26 07:45:00
T2715,ACC1061,ACC1170,60279.0,2023-05-24 17:19:00
T1211,ACC1050,ACC1186,11827.0,2023-01-05 06:13:00
T8577,ACC1044,ACC1142,59736.0,2023-05-16 08:04:00
T7315,ACC1095,ACC1102,60193.0,2023-03-19 04:21:00
T7934,ACC1038,ACC1172,18003.0,2023-05-06 06:23:00
T2356,ACC1088,ACC1109,73993.0,2023-03-27 09:49:00
T5614,ACC1016,ACC1148,6174.0,2023-06-09 19:53:00
T4260,ACC1056,ACC1175,57857.0,2023-01-05 03:58:00
T1246,ACC1092,ACC1130,29511.0,2023-04-15 12:32:00
T6339,ACC1003,ACC1125,21012.0,2023-04-09 11:17:00
T8909,ACC1023,ACC1196,18242.0,2023-06-08 08:07:00
T8029,ACC1018,ACC1122,68590.0,2023-05-07 11:30:00
T9478,ACC1075,ACC1199,23662.0,2023-01-04 16:51:00
T2581,ACC1074,ACC1154,61770.0,2023-02-20 04:42:00
T5446,ACC1046,ACC1161,70625.0,2023-04-21 01:30:00
T2787,ACC1002,ACC1147,90921.0,2023-01-28 03:43:00
T2881,ACC1056,ACC1195,72164.0,2023-04-19 14:14:00
T1908,ACC1071,ACC1144,60551.0,2023-06-16 21:11:00
T4998,ACC1043,ACC1171,38582.0,2023-06-24 22:58:00
T8628,ACC1000,ACC1177,17478.0,2023-04-09 16:49:00
T9665,ACC1081,ACC1167,48935.0,2023-05-25 22:19:00
T5944,ACC1000,ACC1121,13944.0,2023-05-28 13:44:00
T1442,ACC1046,ACC1196,68132.0,2023-02-23 02:51:00
T6473,ACC1085,ACC1152,47009.0,2023-03-13 19:48:00
T4793,ACC1081,ACC1197,90991.0,2023-05-14 07:23:00
T1276,ACC1092,ACC1162,25827.0,2023-02-23 15:29:00
T8907,ACC1046,ACC1190,31179.0,2023-02-27 07:14:00
T9464,ACC1045,ACC1156,82008.0,2023-05-05 09:50:00
T8156,ACC1039,ACC1157,93812.0,2023-01-16 02:44:00
T3536,ACC1031,ACC1189,70022.0,2023-04-15 17:43:00
T1843,ACC1056,ACC1121,80919.0,2023-06-29 20:53:00
T9081,ACC1021,ACC1135,68786.0,2023-03-24 06:41:00
T2758,ACC1008,ACC1104,1491.0,2023-03-08 00:01:00
T2204,ACC1008,ACC1111,95408.0,2023-06-24 13:49:00
T6706,ACC1057,ACC1146,25280.0,2023-05-07 22:26:00
T2992,ACC1036,ACC1119,84486.0,2023-01-02 03:27:00
T1512,ACC1079,ACC1124,95351.0,2023-02-19 18:10:00
T4986,ACC1012,ACC1137,91405.0,2023-04-22 17:12:00
T2452,ACC1063,ACC1117,73830.0,2023-03-08 18:35:00
T7181,ACC1009,ACC1103,51892.0,2023-05-23 04:27:00
T5787,ACC1012,ACC1173,71763.0,2023-02-19 02:59:00
T1547,ACC1009,ACC1179,74377.0,2023-04-20 14:39:00
T5883,ACC1048,ACC1166,89381.0,2023-05-15 13:58:00
T8660,ACC1039,ACC1132,51112.0,2023-03-21 03:17:00
T2789,ACC1016,ACC1191,60962.0,2023-02-06 10:20:00
T4501,ACC1084,ACC1127,65074.0,2023-01-16 14:16:00
T2690,ACC1020,ACC1137,90431.0,2023-04-19 17:25:00
T5338,ACC1026,ACC1168,97044.0,2023-03-27 22:16:00
T1048,ACC1035,ACC1123,3394.0,2023-01-10 16:24:00
T3054,ACC1088,ACC1182,80712.0,2023-02-08 15:24:00
T8043,ACC1035,ACC1167,84846.0,2023-03-07 01:12:00
T2819,ACC1074,ACC1180,30335.0,2023-02-03 05:41:00
T2234,ACC1016,ACC1171,60531.0,2023-06-26 20:14:00
T9111,ACC1098,ACC1197,92156.0,2023-01-19 12:12:00
T8381,ACC1049,ACC1193,59566.0,2023-05-28 12:23:00
T9468,ACC1005,ACC1106,84822.0,2023-03-21 13:25:00
T5515,ACC1018,ACC1180,43181.0,2023-06-12 03:08:00
T5931,ACC1040,ACC1115,5738.0,2023-01-25 23:10:00
T6029,ACC1047,ACC1156,2757.0,2023-04-03 00:04:00
T5072,ACC1054,ACC1112,29826.0,2023-02-21 10:27:00
T5510,ACC1067,ACC1161,98905.0,2023-05-23 11:45:00
T2550,ACC1040,ACC1141,48249.0,2023-04-11 08:31:00
T1872,ACC1027,ACC1126,6223.0,2023-05-28 11:14:00
T4510,ACC1007,ACC1159,23161.0,2023-03-30 09:36:00
T2604,ACC1043,ACC1173,51533.0,2023-05-09 03:49:00
T6013,ACC1098,ACC1182,76230.0,2023-04-25 13:51:00
T8527,ACC1059,ACC1126,16322.0,2023-01-31 05:00:00
T9849,ACC1038,ACC1191,61698.0,2023-03-25 11:12:00
T8843,ACC1064,ACC1173,61802.0,2023-03-31 01:21:00
T4889,ACC1079,ACC1110,9961.0,2023-05-04 03:52:00
T9949,ACC1077,ACC1162,42999.0,2023-03-16 00:19:00
T5849,ACC1034,ACC1104,17847.0,2023-02-13 19:40:00
T8786,ACC1000,ACC1135,7387.0,2023-05-31 11:11:00
T7576,ACC1018,ACC1130,51840.0,2023-02-19 05:11:00
T6767,ACC1036,ACC1145,15472.0,2023-04-20 08:13:00
T5241,ACC1022,ACC1103,81088.0,2023-06-02 11:30:00
T5844,ACC1018,ACC1155,7225.0,2023-05-14 07:46:00
T1647,ACC1073,ACC1100,70214.0,2023-05-11 12:54:00
T4858,ACC1040,ACC1140,54487.0,2023-04-04 12:45:00
T2425,ACC1078,ACC1154,72290.0,2023-03-02 05:43:00
T9075,ACC1000,ACC1161,78629.0,2023-06-07 03:21:00
T9541,ACC1086,ACC1112,87603.0,2023-02-22 18:55:00
T8171,ACC1016,ACC1190,99440.0,2023-02-07 01:24:00
T4087,ACC1016,ACC1140,93337.0,2023-04-13 02:06:00
T2274,ACC1051,ACC1140,71697.0,2023-01-12 12:32:00
T8721,ACC1021,ACC1130,92680.0,2023-01-02 06:49:00
T9932,ACC1011,ACC1151,57320.0,2023-05-29 03:14:00
T7534,ACC1000,ACC1137,14474.0,2023-04-03 07:57:00
T6001,ACC1088,ACC1169,12120.0,2023-06-23 22:56:00
T1849,ACC1010,ACC1141,72005.0,2023-04-07 05:29:00
T7239,ACC1047,ACC1185,3296.0,2023-06-28 02:44:00
T4082,ACC1031,ACC1143,46087.0,2023-02-28 13:11:00
T4494,ACC1081,ACC1158,9960.0,2023-05-21 23:59:00
T1561,ACC1004,ACC1102,66750.0,2023-03-24 14:50:00
T9848,ACC1058,ACC1146,63404.0,2023-04-28 00:39:00
T5195,ACC1097,ACC1183,37421.0,2023-04-26 22:44:00
T1795,ACC1010,ACC1180,29496.0,2023-02-21 08:44:00
T7656,ACC1043,ACC1195,42501.0,2023-05-21 16:52:00
T1611,ACC1098,ACC1136,2695.0,2023-06-08 20:19:00
T5157,ACC1095,ACC1102,16820.0,2023-02-20 20:33:00
T8334,ACC1009,ACC1101,7886.0,2023-06-23 07:37:00
T7774,ACC1071,ACC1198,55677.0,2023-02-28 01:41:00
T5495,ACC1077,ACC1193,22103.0,2023-04-02 22:54:00
T4322,ACC1007,ACC1155,34859.0,2023-03-05 04:40:00
T1637,ACC1096,ACC1180,30861.0,2023-06-02 09:22:00
T3839,ACC1047,ACC1114,19662.0,2023-03-22 19:09:00
T1471,ACC1061,ACC1119,3313.0,2023-05-12 13:22:00
T9819,ACC1058,ACC1121,43754.0,2023-02-12 12:24:00
T6810,ACC1023,ACC1161,16397.0,2023-01-13 04:45:00
T6403,ACC1036,ACC1113,27572.0,2023-05-25 22:45:00
T3387,ACC1033,ACC1136,91159.0,2023-03-14 13:48:00
T2891,ACC1051,ACC1196,60697.0,2023-04-29 22:04:00
T5023,ACC1060,ACC1143,58197.0,2023-01-31 02:56:00
T3133,ACC1001,ACC1119,91041.0,2023-05-06 16:30:00
T4389,ACC1012,ACC1108,8006.0,2023-04-26 15:10:00
T3558,ACC1074,ACC1100,62870.0,2023-01-05 01:36:00
T8138,ACC1093,ACC1198,39441.0,2023-04-11 00:25:00
T7811,ACC1044,ACC1122,75408.0,2023-01-08 10:54:00
T1395,ACC1023,ACC1128,93024.0,2023-05-29 11:18:00
T6229,ACC1006,ACC1199,70965.0,2023-02-09 00:09:00
T5189,ACC1075,ACC1157,88954.0,2023-05-28 16:03:00
T8869,ACC1086,ACC1137,83310.0,2023-06-02 21:34:00
T6060,ACC1083,ACC1133,8467.0,2023-06-17 17:48:00
T7735,ACC1040,ACC1112,90794.0,2023-03-21 16:09:00
T1634,ACC1056,ACC1118,42832.0,2023-04-02 22:25:00
T9814,ACC1076,ACC1150,12127.0,2023-02-21 00:19:00
T4087,ACC1034,ACC1114,12948.0,2023-04-02 02:24:00
T6848,ACC1090,ACC1104,4904.0,2023-01-19 23:57:00
T8650,ACC1005,ACC1123,16020.0,2023-04-19 06:08:00
T6804,ACC1057,ACC1130,41466.0,2023-03-19 21:52:00
T4376,ACC1073,ACC1187,66021.0,2023-04-09 04:08:00
T6902,ACC1004,ACC1103,28792.0,2023-03-24 06:00:00
T1902,ACC1068,ACC1190,52231.0,2023-04-14 20:39:00
T9998,ACC1075,ACC1120,2720.0,2023-01-06 13:52:00
T1778,ACC1077,ACC1105,99589.0,2023-06-23 08:16:00
T3895,ACC1027,ACC1187,6855.0,2023-03-06 15:36:00
T4880,ACC1095,ACC1191,59197.0,2023-05-20 04:32:00
T3768,ACC1041,ACC1174,80885.0,2023-02-18 21:06:00
T2481,ACC1029,ACC1150,55061.0,2023-05-01 08:12:00
T6968,ACC1086,ACC1126,48320.0,2023-04-01 05:52:00
T7177,ACC1023,ACC1131,83372.0,2023-05-18 10:03:00
T5814,ACC1051,ACC1171,39167.0,2023-05-23 20:48:00
T1662,ACC1028,ACC1153,25314.0,2023-04-18 19:59:00
T2516,ACC1015,ACC1134,33645.0,2023-04-15 07:11:00
T5332,ACC1030,ACC1166,68085.0,2023-04-04 05:55:00
T8195,ACC1064,ACC1101,63777.0,2023-04-04 11:36:00
T3449,ACC1078,ACC1164,77394.0,2023-05-28 11:53:00
T9979,ACC1012,ACC1167,96090.0,2023-05-16 06:32:00
T1909,ACC1080,ACC1179,39091.0,2023-03-23 13:05:00
T1408,ACC1016,ACC1115,88321.0,2023-01-29 00:06:00
T9797,ACC1034,ACC1159,34116.0,2023-03-30 06:58:00
T2902,ACC1022,ACC1186,74433.0,2023-06-04 14:11:00
T6423,ACC1080,ACC1110,7994.0,2023-06-07 10:34:00
T1138,ACC1005,ACC1196,80016.0,2023-06-17 19:59:00
T9682,ACC1072,ACC1181,32222.0,2023-06-15 08:57:00
T6855,ACC1022,ACC1104,27334.0,2023-01-20 10:27:00
T4084,ACC1045,ACC1167,66685.0,2023-02-11 09:17:00
T7929,ACC1007,ACC1166,45917.0,2023-05-18 19:52:00
T2409,ACC1020,ACC1196,69651.0,2023-06-12 12:38:00
T4310,ACC1038,ACC1102,76149.0,2023-05-18 21:26:00
T9252,ACC1083,ACC1170,56368.0,2023-06-30 11:15:00
T5445,ACC1091,ACC1147,21875.0,2023-04-14 13:37:00
T8631,ACC1037,ACC1104,97385.0,2023-03-31 16:24:00
T4413,ACC1072,ACC1129,52152.0,2023-01-22 08:09:00
T5694,ACC1035,ACC1149,1031.0,2023-03-30 06:22:00
T7120,ACC1090,ACC1124,79504.0,2023-02-03 16:38:00
T3568,ACC1028,ACC1190,78601.0,2023-01-13 13:55:00
T7074,ACC1098,ACC1149,76129.0,2023-05-24 18:58:00
T3907,ACC1085,ACC1105,6851.0,2023-03-04 09:23:00
T3946,ACC1061,ACC1128,22576.0,2023-03-05 12:50:00
T6605,ACC1016,ACC1147,1019.0,2023-05-30 19:19:00
T7674,ACC1088,ACC1121,67706.0,2023-01-28 20:35:00
T5334,ACC1000,ACC1168,76600.0,2023-03-21 05:28:00
T7040,ACC1074,ACC1117,38315.0,2023-03-17 15:56:00
T5944,ACC1021,ACC1143,45916.0,2023-02-18 08:50:00
T2541,ACC1080,ACC1136,95376.0,2023-03-13 15:05:00
T7551,ACC1032,ACC1177,88187.0,2023-04-15 04:24:00
T8038,ACC1009,ACC1144,15957.0,2023-06-21 13:05:00
T7043,ACC1013,ACC1143,88470.0,2023-04-12 19:40:00
TX_CYCLE_1,ACC_CYCLE_A,ACC_CYCLE_B,9500.0,2023-06-30 23:47:00
TX_CYCLE_2,ACC_CYCLE_B,ACC_CYCLE_C,9500.0,2023-06-30 23:57:00
TX_CYCLE_3,ACC_CYCLE_C,ACC_CYCLE_A,9500.0,2023-07-01 00:07:00
TX_SMURF_1,ACC_SMURF_1,ACC_SMURF_HUB,800.0,2023-07-01 01:47:00
TX_SMURF_2,ACC_SMURF_2,ACC_SMURF_HUB,810.0,2023-07-01 01:52:00
TX_SMURF_3,ACC_SMURF_3,ACC_SMURF_HUB,820.0,2023-07-01 01:57:00
TX_SMURF_4,ACC_SMURF_4,ACC_SMURF_HUB,830.0,2023-07-01 02:02:00
TX_SMURF_5,ACC_SMURF_5,ACC_SMURF_HUB,840.0,2023-07-01 02:07:00
TX_SMURF_6,ACC_SMURF_6,ACC_SMURF_HUB,850.0,2023-07-01 02:12:00
TX_SMURF_7,ACC_SMURF_7,ACC_SMURF_HUB,860.0,2023-07-01 02:17:00
TX_SMURF_8,ACC_SMURF_8,ACC_SMURF_HUB,870.0,2023-07-01 02:22:00
TX_SMURF_9,ACC_SMURF_9,ACC_SMURF_HUB,880.0,2023-07-01 02:27:00
TX_SMURF_10,ACC_SMURF_10,ACC_SMURF_HUB,890.0,2023-07-01 02:32:00
TX_SMURF_11,ACC_SMURF_11,ACC_SMURF_HUB,900.0,2023-07-01 02:37:00
TX_SMURF_12,ACC_SMURF_12,ACC_SMURF_HUB,910.0,2023-07-01 02:42:00
TX_SHELL_1,ACC_SHELL_1,ACC_SHELL_2,15000.0,2023-07-01 03:47:00
TX_SHELL_2,ACC_SHELL_2,ACC_SHELL_3,15000.0,2023-07-01 04:02:00
TX_SHELL_3,ACC_SHELL_3,ACC_SHELL_4,15000.0,2023-07-01 04:17:00
TX_CYCLE5_1,ACC_CYCLE5_A,ACC_CYCLE5_B,12000.0,2023-07-01 05:17:00
TX_CYCLE5_2,ACC_CYCLE5_B,ACC_CYCLE5_C,12000.0,2023-07-01 05:25:00
TX_CYCLE5_3,ACC_CYCLE5_C,ACC_CYCLE5_D,12000.0,2023-07-01 05:33:00
TX_CYCLE5_4,ACC_CYCLE5_D,ACC_CYCLE5_E,12000.0,2023-07-01 05:41:00
TX_CYCLE5_5,ACC_CYCLE5_E,ACC_CYCLE5_A,12000.0,2023-07-01 05:49:00
TX_FANOUT_1,ACC_FANOUT_SOURCE,ACC_FANOUT_1,900.0,2023-07-01 07:17:00
TX_FANOUT_2,ACC_FANOUT_SOURCE,ACC_FANOUT_2,920.0,2023-07-01 07:23:00
TX_FANOUT_3,ACC_FANOUT_SOURCE,ACC_FANOUT_3,940.0,2023-07-01 07:29:00
TX_FANOUT_4,ACC_FANOUT_SOURCE,ACC_FANOUT_4,960.0,2023-07-01 07:35:00
TX_FANOUT_5,ACC_FANOUT_SOURCE,ACC_FANOUT_5,980.0,2023-07-01 07:41:00
TX_FANOUT_6,ACC_FANOUT_SOURCE,ACC_FANOUT_6,1000.0,2023-07-01 07:47:00
TX_FANOUT_7,ACC_FANOUT_SOURCE,ACC_FANOUT_7,1020.0,2023-07-01 07:53:00
TX_FANOUT_8,ACC_FANOUT_SOURCE,ACC_FANOUT_8,1040.0,2023-07-01 07:59:00
TX_FANOUT_9,ACC_FANOUT_SOURCE,ACC_FANOUT_9,1060.0,2023-07-01 08:05:00
TX_FANOUT_10,ACC_FANOUT_SOURCE,ACC_FANOUT_10,1080.0,2023-07-01 08:11:00
TX_FANOUT_11,ACC_FANOUT_SOURCE,ACC_FANOUT_11,1100.0,2023-07-01 08:17:00
TX_HYB_1,ACC_HYB_1,ACC_HYB_2,18000.0,2023-07-01 09:17:00
TX_HYB_2,ACC_HYB_2,ACC_HYB_3,18000.0,2023-07-01 09:29:00
TX_HYB_3,ACC_HYB_3,ACC_HYB_4,18000.0,2023-07-01 09:41:00
TX_HYB_4,ACC_HYB_4,ACC_HYB_2,17500.0,2023-07-01 10:02:00
