transaction_id,sender_id,receiver_id,amount,timestamp
TX00001,A0058,A0013,160.2,2024-01-04T03:06:00
TX00002,A0072,A0053,89.12,2024-01-07T04:55:00
TX00003,A0217,A0017,92.16,2024-01-01T08:08:00
TX00004,A0120,A0259,61.94,2024-01-07T20:23:00
TX00005,A0102,A0280,149.2,2024-01-05T18:33:00
TX00006,A0143,A0004,364.16,2024-01-02T19:35:00
TX00007,A0175,A0143,146.89,2024-01-02T18:27:00
TX00008,A0173,A0053,220.97,2024-01-02T01:19:00
TX00009,A0184,A0177,169.03,2024-01-07T20:51:00
TX00010,A0023,A0236,106.17,2024-01-07T02:25:00
TX00011,A0194,A0041,181.93,2024-01-07T06:44:00
TX00012,A0186,A0296,367.06,2024-01-03T04:30:00
TX00013,A0024,A0117,493.35,2024-01-04T07:01:00
TX00014,A0120,A0052,175.09,2024-01-05T07:47:00
TX00015,A0187,A0084,209.87,2024-01-05T05:05:00
TX00016,A0137,A0037,335.74,2024-01-07T22:20:00
TX00017,A0274,A0126,258.02,2024-01-02T20:37:00
TX00018,A0139,A0286,358.08,2024-01-03T11:58:00
TX00019,A0029,A0118,412.27,2024-01-01T08:45:00
TX00020,A0206,A0138,144.94,2024-01-01T18:04:00
TX00021,A0291,A0162,344.95,2024-01-03T10:03:00
TX00022,A0203,A0235,169.2,2024-01-02T15:00:00
TX00023,A0127,A0288,168.23,2024-01-07T03:10:00
TX00024,A0220,A0299,212.9,2024-01-05T13:03:00
TX00025,A0071,A0261,90.91,2024-01-06T14:45:00
TX00026,A0025,A0057,332.35,2024-01-02T17:44:00
TX00027,A0217,A0033,221.73,2024-01-05T09:04:00
TX00028,A0240,A0271,486.99,2024-01-03T20:39:00
TX00029,A0006,A0059,387.9,2024-01-07T02:37:00
TX00030,A0175,A0058,245.64,2024-01-04T08:08:00
TX00031,A0233,A0002,487.35,2024-01-03T23:55:00
TX00032,A0092,A0260,441.73,2024-01-02T05:03:00
TX00033,A0153,A0260,139.51,2024-01-07T22:17:00
TX00034,A0192,A0083,479.07,2024-01-07T03:17:00
TX00035,A0272,A0001,195.87,2024-01-07T19:33:00
TX00036,A0010,A0058,445.42,2024-01-05T03:07:00
TX00037,A0158,A0123,158.39,2024-01-01T15:49:00
TX00038,A0291,A0041,379.36,2024-01-01T23:23:00
TX00039,A0036,A0273,107.78,2024-01-02T10:20:00
TX00040,A0244,A0282,169.28,2024-01-02T21:05:00
TX00041,A0217,A0109,389.87,2024-01-07T03:15:00
TX00042,A0103,A0160,497.82,2024-01-05T12:57:00
TX00043,A0192,A0225,253.17,2024-01-06T21:19:00
TX00044,A0127,A0116,202.14,2024-01-01T17:29:00
TX00045,A0284,A0118,149.1,2024-01-07T16:41:00
TX00046,A0037,A0031,80.33,2024-01-03T14:30:00
TX00047,A0017,A0170,281.37,2024-01-01T19:20:00
TX00048,A0143,A0249,292.66,2024-01-03T10:30:00
TX00049,A0293,A0296,159.35,2024-01-06T09:04:00
TX00050,A0243,A0209,92.45,2024-01-03T03:59:00
TX00051,A0221,A0182,235.0,2024-01-05T19:39:00
TX00052,A0028,A0051,231.18,2024-01-01T16:33:00
TX00053,A0174,A0056,136.22,2024-01-03T19:53:00
TX00054,A0275,A0230,239.85,2024-01-02T14:16:00
TX00055,A0143,A0237,443.52,2024-01-03T20:12:00
TX00056,A0039,A0227,94.06,2024-01-07T06:16:00
TX00057,A0277,A0008,466.87,2024-01-02T01:28:00
TX00058,A0122,A0086,268.54,2024-01-05T14:58:00
TX00059,A0110,A0206,124.09,2024-01-01T16:00:00
TX00060,A0002,A0200,466.93,2024-01-04T00:25:00
TX00061,A0233,A0147,363.47,2024-01-05T19:30:00
TX00062,A0285,A0250,135.45,2024-01-02T18:16:00
TX00063,A0112,A0030,381.08,2024-01-07T14:09:00
TX00064,A0032,A0161,72.56,2024-01-01T15:36:00
TX00065,A0245,A0258,120.84,2024-01-07T01:01:00
TX00066,A0261,A0042,80.83,2024-01-03T02:44:00
TX00067,A0035,A0121,103.95,2024-01-05T14:15:00
TX00068,A0292,A0127,317.53,2024-01-07T14:05:00
TX00069,A0042,A0215,304.35,2024-01-07T15:22:00
TX00070,A0162,A0134,351.38,2024-01-03T07:46:00
TX00071,A0161,A0123,228.1,2024-01-04T00:31:00
TX00072,A0154,A0235,468.06,2024-01-04T14:20:00
TX00073,A0038,A0005,329.52,2024-01-06T05:08:00
TX00074,A0289,A0052,291.94,2024-01-01T20:00:00
TX00075,A0260,A0136,469.97,2024-01-02T12:10:00
TX00076,A0036,A0126,178.24,2024-01-05T04:54:00
TX00077,A0225,A0279,325.25,2024-01-04T10:36:00
TX00078,A0271,A0005,184.72,2024-01-07T07:26:00
TX00079,A0054,A0069,101.94,2024-01-04T00:13:00
TX00080,A0055,A0284,172.56,2024-01-02T18:26:00
TX00081,A0108,A0176,359.37,2024-01-03T07:35:00
TX00082,A0136,A0259,163.0,2024-01-06T13:24:00
TX00083,A0027,A0048,423.21,2024-01-05T19:39:00
TX00084,A0023,A0002,397.0,2024-01-04T19:04:00
TX00085,A0135,A0083,298.26,2024-01-06T00:39:00
TX00086,A0219,A0288,100.34,2024-01-01T02:38:00
TX00087,A0077,A0280,425.57,2024-01-01T09:50:00
TX00088,A0299,A0283,243.4,2024-01-02T16:26:00
TX00089,A0022,A0158,454.54,2024-01-05T03:34:00
TX00090,A0021,A0184,356.93,2024-01-03T09:21:00
TX00091,A0053,A0182,447.86,2024-01-07T08:53:00
TX00092,A0209,A0080,439.07,2024-01-03T16:38:00
TX00093,A0091,A0212,130.71,2024-01-01T06:46:00
TX00094,A0171,A0211,170.06,2024-01-03T19:45:00
TX00095,A0056,A0196,436.37,2024-01-01T10:34:00
TX00096,A0114,A0103,207.35,2024-01-06T05:41:00
TX00097,A0117,A0115,347.01,2024-01-01T06:27:00
TX00098,A0205,A0169,438.96,2024-01-04T04:04:00
TX00099,A0143,A0180,229.86,2024-01-06T19:06:00
TX00100,A0275,A0170,101.9,2024-01-01T07:32:00
TX00101,A0134,A0092,483.14,2024-01-07T14:32:00
TX00102,A0136,A0020,318.46,2024-01-02T05:36:00
TX00103,A0177,A0161,322.79,2024-01-05T23:09:00
TX00104,A0262,A0060,454.78,2024-01-05T09:11:00
TX00105,A0098,A0131,368.95,2024-01-01T12:07:00
TX00106,A0001,A0267,359.09,2024-01-07T03:01:00
TX00107,A0101,A0187,81.49,2024-01-05T21:46:00
TX00108,A0170,A0161,373.89,2024-01-02T10:01:00
TX00109,A0154,A0260,350.1,2024-01-04T12:27:00
TX00110,A0168,A0207,299.49,2024-01-04T08:44:00
TX00111,A0099,A0216,354.79,2024-01-05T07:31:00
TX00112,A0090,A0292,232.73,2024-01-04T10:10:00
TX00113,A0001,A0156,144.58,2024-01-04T06:20:00
TX00114,A0297,A0165,248.8,2024-01-06T06:58:00
TX00115,A0110,A0262,407.18,2024-01-06T09:12:00
TX00116,A0087,A0044,281.95,2024-01-04T05:29:00
TX00117,A0172,A0048,352.76,2024-01-03T16:08:00
TX00118,A0116,A0102,60.99,2024-01-02T16:14:00
TX00119,A0126,A0244,254.94,2024-01-01T19:53:00
TX00120,A0295,A0100,272.47,2024-01-05T08:51:00
TX00121,A0125,A0076,451.7,2024-01-01T01:30:00
TX00122,A0055,A0218,129.15,2024-01-03T11:45:00
TX00123,A0266,A0238,300.83,2024-01-01T13:42:00
TX00124,A0063,A0234,410.64,2024-01-02T12:24:00
TX00125,A0272,A0287,192.78,2024-01-07T18:35:00
TX00126,A0227,A0259,423.76,2024-01-05T20:31:00
TX00127,A0281,A0229,384.64,2024-01-02T19:27:00
TX00128,A0244,A0231,388.3,2024-01-03T22:46:00
TX00129,A0142,A0267,332.04,2024-01-06T12:19:00
TX00130,A0141,A0226,371.1,2024-01-01T21:09:00
TX00131,A0121,A0140,193.87,2024-01-04T19:42:00
TX00132,A0277,A0042,117.87,2024-01-02T13:47:00
TX00133,A0197,A0079,78.9,2024-01-03T10:25:00
TX00134,A0209,A0170,259.67,2024-01-07T04:10:00
TX00135,A0032,A0106,225.26,2024-01-05T18:43:00
TX00136,A0011,A0295,264.64,2024-01-05T07:52:00
TX00137,A0181,A0153,434.05,2024-01-05T10:29:00
TX00138,A0215,A0276,409.94,2024-01-07T05:07:00
TX00139,A0113,A0250,172.82,2024-01-03T11:55:00
TX00140,A0249,A0015,201.26,2024-01-05T10:11:00
TX00141,A0208,A0085,463.79,2024-01-06T07:37:00
TX00142,A0274,A0014,316.35,2024-01-05T11:35:00
TX00143,A0014,A0043,111.06,2024-01-05T21:02:00
TX00144,A0237,A0094,167.07,2024-01-01T13:43:00
TX00145,A0168,A0109,197.08,2024-01-06T04:09:00
TX00146,A0195,A0143,163.52,2024-01-05T19:06:00
TX00147,A0042,A0241,387.06,2024-01-01T05:17:00
TX00148,A0027,A0180,342.56,2024-01-03T13:13:00
TX00149,A0021,A0016,139.71,2024-01-03T19:31:00
TX00150,A0011,A0079,106.8,2024-01-03T17:08:00
TX00151,A0059,A0289,259.27,2024-01-03T11:31:00
TX00152,A0132,A0189,322.65,2024-01-02T21:49:00
TX00153,A0059,A0084,98.64,2024-01-04T12:56:00
TX00154,A0014,A0160,354.81,2024-01-07T13:13:00
TX00155,A0193,A0204,84.2,2024-01-03T06:09:00
TX00156,A0125,A0053,432.63,2024-01-04T10:21:00
TX00157,A0062,A0290,206.24,2024-01-01T11:12:00
TX00158,A0220,A0190,277.68,2024-01-01T18:49:00
TX00159,A0175,A0007,420.05,2024-01-05T18:42:00
TX00160,A0055,A0222,336.01,2024-01-05T02:54:00
TX00161,A0236,A0079,129.26,2024-01-05T22:55:00
TX00162,A0268,A0139,398.59,2024-01-07T02:57:00
TX00163,A0239,A0224,170.78,2024-01-07T17:47:00
TX00164,A0126,A0045,446.73,2024-01-04T04:09:00
TX00165,A0125,A0238,324.65,2024-01-07T11:36:00
TX00166,A0195,A0173,272.44,2024-01-01T07:50:00
TX00167,A0167,A0094,145.45,2024-01-06T13:08:00
TX00168,A0133,A0175,446.14,2024-01-04T04:21:00
TX00169,A0142,A0285,282.48,2024-01-01T02:46:00
TX00170,A0098,A0044,374.03,2024-01-03T17:54:00
TX00171,A0251,A0285,360.77,2024-01-03T17:37:00
TX00172,A0252,A0230,91.87,2024-01-01T04:42:00
TX00173,A0114,A0208,187.79,2024-01-03T18:26:00
TX00174,A0298,A0189,299.06,2024-01-06T09:13:00
TX00175,A0177,A0218,198.86,2024-01-07T06:17:00
TX00176,A0233,A0139,163.13,2024-01-04T11:43:00
TX00177,A0062,A0099,103.8,2024-01-04T14:09:00
TX00178,A0275,A0095,147.37,2024-01-03T04:18:00
TX00179,A0248,A0142,489.47,2024-01-07T16:59:00
TX00180,A0269,A0145,424.68,2024-01-02T03:27:00
TX00181,A0152,A0117,130.75,2024-01-05T02:32:00
TX00182,A0008,A0274,173.44,2024-01-02T10:33:00
TX00183,A0028,A0284,363.84,2024-01-04T07:46:00
TX00184,A0065,A0252,442.72,2024-01-02T04:00:00
TX00185,A0294,A0146,265.42,2024-01-06T08:10:00
TX00186,A0175,A0095,163.62,2024-01-01T14:01:00
TX00187,A0245,A0059,230.32,2024-01-01T17:50:00
TX00188,A0038,A0296,118.28,2024-01-01T14:38:00
TX00189,A0289,A0156,497.26,2024-01-01T23:15:00
TX00190,A0061,A0286,322.84,2024-01-05T17:38:00
TX00191,A0116,A0268,252.73,2024-01-05T07:52:00
TX00192,A0227,A0153,495.51,2024-01-07T16:42:00
TX00193,A0157,A0292,324.33,2024-01-01T16:26:00
TX00194,A0051,A0107,169.09,2024-01-03T09:37:00
TX00195,A0042,A0081,128.22,2024-01-03T17:29:00
TX00196,A0039,A0081,233.83,2024-01-01T00:43:00
TX00197,A0241,A0150,154.16,2024-01-01T08:54:00
TX00198,A0145,A0233,359.32,2024-01-01T19:26:00
TX00199,A0136,A0102,101.65,2024-01-05T20:05:00
TX00200,A0116,A0077,421.98,2024-01-04T00:32:00
TX00201,A0037,A0031,406.68,2024-01-02T21:18:00
TX00202,A0292,A0148,105.96,2024-01-05T23:55:00
TX00203,A0156,A0207,275.21,2024-01-04T02:20:00
TX00204,A0253,A0225,319.12,2024-01-01T21:57:00
TX00205,A0222,A0166,162.67,2024-01-07T20:51:00
TX00206,A0047,A0118,314.21,2024-01-07T13:04:00
TX00207,A0011,A0138,68.1,2024-01-07T13:21:00
TX00208,A0090,A0241,343.18,2024-01-06T21:42:00
TX00209,A0143,A0093,246.15,2024-01-07T15:50:00
TX00210,A0252,A0047,206.58,2024-01-06T08:20:00
TX00211,A0171,A0165,435.98,2024-01-02T04:33:00
TX00212,A0169,A0211,179.7,2024-01-06T15:17:00
TX00213,A0206,A0282,254.67,2024-01-01T10:01:00
TX00214,A0162,A0130,102.16,2024-01-04T16:16:00
TX00215,A0207,A0264,345.95,2024-01-01T00:18:00
TX00216,A0278,A0237,74.39,2024-01-05T16:50:00
TX00217,A0266,A0186,331.43,2024-01-06T16:07:00
TX00218,A0027,A0105,297.15,2024-01-04T00:55:00
TX00219,A0148,A0225,104.64,2024-01-06T12:21:00
TX00220,A0123,A0082,297.88,2024-01-04T12:51:00
TX00221,A0283,A0209,151.12,2024-01-02T01:27:00
TX00222,A0059,A0237,341.47,2024-01-02T08:04:00
TX00223,A0079,A0256,278.99,2024-01-04T07:41:00
TX00224,A0140,A0213,491.11,2024-01-06T11:45:00
TX00225,A0125,A0234,115.09,2024-01-07T06:31:00
TX00226,A0098,A0261,438.81,2024-01-02T13:16:00
TX00227,A0142,A0213,470.41,2024-01-04T20:48:00
TX00228,A0260,A0137,177.28,2024-01-01T00:42:00
TX00229,A0153,A0297,439.37,2024-01-06T13:42:00
TX00230,A0229,A0276,205.31,2024-01-06T12:15:00
TX00231,A0283,A0279,254.91,2024-01-05T07:00:00
TX00232,A0165,A0097,307.31,2024-01-03T17:12:00
TX00233,A0120,A0211,193.18,2024-01-01T11:55:00
TX00234,A0243,A0196,494.79,2024-01-05T09:25:00
TX00235,A0078,A0254,106.81,2024-01-01T10:06:00
TX00236,A0170,A0052,94.87,2024-01-06T00:13:00
TX00237,A0234,A0008,234.49,2024-01-02T15:21:00
TX00238,A0080,A0039,401.69,2024-01-06T08:12:00
TX00239,A0136,A0174,342.43,2024-01-05T12:32:00
TX00240,A0169,A0274,479.36,2024-01-05T07:46:00
TX00241,A0250,A0278,327.86,2024-01-01T09:48:00
TX00242,A0121,A0148,386.04,2024-01-03T14:07:00
TX00243,A0223,A0051,249.66,2024-01-02T03:26:00
TX00244,A0154,A0015,195.97,2024-01-01T12:33:00
TX00245,A0029,A0151,218.68,2024-01-05T01:53:00
TX00246,A0075,A0126,235.42,2024-01-07T01:02:00
TX00247,A0093,A0088,85.54,2024-01-02T23:48:00
TX00248,A0196,A0124,460.77,2024-01-06T15:53:00
TX00249,A0074,A0119,337.06,2024-01-06T05:55:00
TX00250,A0236,A0131,454.51,2024-01-01T02:33:00
TX00251,A0239,A0148,121.09,2024-01-07T05:15:00
TX00252,A0227,A0177,184.62,2024-01-07T16:26:00
TX00253,A0218,A0129,430.39,2024-01-06T04:44:00
TX00254,A0102,A0197,97.99,2024-01-06T11:56:00
TX00255,A0196,A0293,308.67,2024-01-05T02:01:00
TX00256,A0152,A0012,173.52,2024-01-05T12:04:00
TX00257,A0290,A0026,385.33,2024-01-07T21:35:00
TX00258,A0147,A0118,410.87,2024-01-07T21:46:00
TX00259,A0113,A0098,354.99,2024-01-03T20:26:00
TX00260,A0071,A0050,189.02,2024-01-01T10:45:00
TX00261,A0226,A0018,214.19,2024-01-07T14:15:00
TX00262,A0068,A0047,197.02,2024-01-04T08:35:00
TX00263,A0213,A0090,109.47,2024-01-03T06:49:00
TX00264,A0277,A0188,275.81,2024-01-07T00:57:00
TX00265,A0140,A0085,461.32,2024-01-03T22:10:00
TX00266,A0247,A0152,411.9,2024-01-04T20:29:00
TX00267,A0240,A0039,389.37,2024-01-02T14:26:00
TX00268,A0116,A0204,214.6,2024-01-07T08:11:00
TX00269,A0203,A0008,291.46,2024-01-04T00:12:00
TX00270,A0233,A0189,313.05,2024-01-03T23:35:00
TX00271,A0191,A0056,262.16,2024-01-03T15:50:00
TX00272,A0288,A0168,149.62,2024-01-07T22:35:00
TX00273,A0033,A0238,342.16,2024-01-04T10:31:00
TX00274,A0060,A0072,475.82,2024-01-01T12:22:00
TX00275,A0156,A0253,93.74,2024-01-02T07:42:00
TX00276,A0276,A0070,254.14,2024-01-05T10:07:00
TX00277,A0277,A0215,384.02,2024-01-07T16:22:00
TX00278,A0080,A0213,425.16,2024-01-02T03:02:00
TX00279,A0209,A0144,360.63,2024-01-01T08:56:00
TX00280,A0112,A0228,477.75,2024-01-06T01:25:00
TX00281,A0186,A0051,295.01,2024-01-05T04:18:00
TX00282,A0184,A0032,174.15,2024-01-05T12:43:00
TX00283,A0063,A0233,348.25,2024-01-02T01:01:00
TX00284,A0011,A0026,159.61,2024-01-04T19:04:00
TX00285,A0065,A0290,80.87,2024-01-03T08:02:00
TX00286,A0284,A0107,147.18,2024-01-07T16:07:00
TX00287,A0120,A0169,404.89,2024-01-02T16:17:00
TX00288,A0002,A0142,494.39,2024-01-02T15:30:00
TX00289,A0277,A0129,99.47,2024-01-02T23:38:00
TX00290,A0014,A0068,211.21,2024-01-01T04:03:00
TX00291,A0122,A0166,128.41,2024-01-01T04:18:00
TX00292,A0027,A0065,286.74,2024-01-05T18:57:00
TX00293,A0033,A0244,400.11,2024-01-06T02:24:00
TX00294,A0263,A0056,276.73,2024-01-06T03:25:00
TX00295,A0023,A0267,256.12,2024-01-04T10:21:00
TX00296,A0016,A0032,431.28,2024-01-06T10:47:00
TX00297,A0219,A0056,370.58,2024-01-06T13:52:00
TX00298,A0228,A0038,194.95,2024-01-01T22:03:00
TX00299,A0076,A0034,173.76,2024-01-02T10:27:00
TX00300,A0281,A0167,497.58,2024-01-05T08:00:00
TX00301,A0272,A0151,277.5,2024-01-06T03:53:00
TX00302,A0221,A0051,433.76,2024-01-02T07:14:00
TX00303,A0283,A0111,253.2,2024-01-05T21:26:00
TX00304,A0117,A0212,422.34,2024-01-04T20:33:00
TX00305,A0205,A0213,190.65,2024-01-02T01:57:00
TX00306,A0161,A0131,479.12,2024-01-05T06:12:00
TX00307,A0243,A0035,424.3,2024-01-02T00:54:00
TX00308,A0048,A0222,385.07,2024-01-02T02:22:00
TX00309,A0191,A0067,76.99,2024-01-07T07:55:00
TX00310,A0288,A0169,234.86,2024-01-02T09:22:00
TX00311,A0217,A0027,320.18,2024-01-04T06:32:00
TX00312,A0181,A0054,278.34,2024-01-07T13:48:00
TX00313,A0080,A0247,431.27,2024-01-03T13:14:00
TX00314,A0180,A0285,101.7,2024-01-05T04:22:00
TX00315,A0143,A0294,413.25,2024-01-03T13:45:00
TX00316,A0288,A0286,324.05,2024-01-01T07:10:00
TX00317,A0137,A0015,172.97,2024-01-03T01:15:00
TX00318,A0159,A0174,52.75,2024-01-04T23:51:00
TX00319,A0074,A0290,81.31,2024-01-05T13:26:00
TX00320,A0016,A0047,146.81,2024-01-07T00:51:00
TX00321,A0215,A0233,120.83,2024-01-04T21:05:00
TX00322,A0160,A0167,318.3,2024-01-07T10:59:00
TX00323,A0027,A0080,389.5,2024-01-02T18:59:00
TX00324,A0026,A0042,249.4,2024-01-04T02:18:00
TX00325,A0218,A0249,248.92,2024-01-07T21:46:00
TX00326,A0140,A0111,101.22,2024-01-06T19:54:00
TX00327,A0221,A0057,355.2,2024-01-04T05:20:00
TX00328,A0250,A0270,70.44,2024-01-04T12:13:00
TX00329,A0203,A0029,141.99,2024-01-01T02:05:00
TX00330,A0109,A0071,180.25,2024-01-03T21:46:00
TX00331,A0062,A0004,386.16,2024-01-06T15:49:00
TX00332,A0090,A0067,289.66,2024-01-05T07:49:00
TX00333,A0118,A0257,425.01,2024-01-07T08:34:00
TX00334,A0182,A0037,437.79,2024-01-05T12:25:00
TX00335,A0022,A0224,256.89,2024-01-01T05:07:00
TX00336,A0040,A0161,243.18,2024-01-07T13:13:00
TX00337,A0208,A0214,101.83,2024-01-04T07:03:00
TX00338,A0011,A0167,410.59,2024-01-02T22:55:00
TX00339,A0236,A0186,246.52,2024-01-02T00:03:00
TX00340,A0055,A0125,314.99,2024-01-05T22:58:00
TX00341,A0269,A0041,441.74,2024-01-05T12:04:00
TX00342,A0174,A0114,400.6,2024-01-04T18:56:00
TX00343,A0040,A0262,288.77,2024-01-02T07:08:00
TX00344,A0100,A0179,377.32,2024-01-04T23:52:00
TX00345,A0076,A0121,115.9,2024-01-02T04:04:00
TX00346,A0102,A0089,118.79,2024-01-07T20:29:00
TX00347,A0039,A0091,258.78,2024-01-06T14:55:00
TX00348,A0289,A0297,356.51,2024-01-06T02:34:00
TX00349,A0290,A0166,117.93,2024-01-04T14:19:00
TX00350,A0035,A0241,334.12,2024-01-06T00:45:00
TX00351,A0141,A0029,278.3,2024-01-05T00:06:00
TX00352,A0159,A0237,66.92,2024-01-06T03:24:00
TX00353,A0189,A0147,340.1,2024-01-01T20:57:00
TX00354,A0047,A0260,258.22,2024-01-05T08:59:00
TX00355,A0284,A0022,459.07,2024-01-06T02:48:00
TX00356,A0293,A0097,322.25,2024-01-04T15:47:00
TX00357,A0257,A0078,252.74,2024-01-01T16:53:00
TX00358,A0176,A0044,340.76,2024-01-06T17:46:00
TX00359,A0021,A0127,495.94,2024-01-05T23:32:00
TX00360,A0269,A0268,121.44,2024-01-07T22:31:00
TX00361,A0191,A0145,233.95,2024-01-05T09:47:00
TX00362,A0174,A0027,79.66,2024-01-04T19:22:00
TX00363,A0049,A0286,177.87,2024-01-05T09:33:00
TX00364,A0077,A0171,312.23,2024-01-01T22:15:00
TX00365,A0073,A0180,485.46,2024-01-04T12:42:00
TX00366,A0201,A0067,368.98,2024-01-07T18:29:00
TX00367,A0044,A0159,219.51,2024-01-07T08:37:00
TX00368,A0169,A0066,92.05,2024-01-06T23:44:00
TX00369,A0217,A0261,58.2,2024-01-05T02:48:00
TX00370,A0159,A0093,203.78,2024-01-03T10:29:00
TX00371,A0249,A0099,499.99,2024-01-03T13:51:00
TX00372,A0080,A0040,429.99,2024-01-04T08:46:00
TX00373,A0052,A0260,425.8,2024-01-07T03:23:00
TX00374,A0270,A0020,444.38,2024-01-04T19:57:00
TX00375,A0068,A0193,123.01,2024-01-02T18:07:00
TX00376,A0085,A0225,234.89,2024-01-01T11:55:00
TX00377,A0122,A0228,388.58,2024-01-04T05:48:00
TX00378,A0230,A0120,157.63,2024-01-07T01:49:00
TX00379,A0241,A0100,355.24,2024-01-05T04:26:00
TX00380,A0293,A0226,396.25,2024-01-06T06:04:00
TX00381,A0196,A0258,238.4,2024-01-07T00:01:00
TX00382,A0083,A0103,112.28,2024-01-07T21:06:00
TX00383,A0129,A0027,443.35,2024-01-06T11:13:00
TX00384,A0284,A0053,433.02,2024-01-06T20:52:00
TX00385,A0146,A0043,172.76,2024-01-02T19:46:00
TX00386,A0263,A0076,91.27,2024-01-05T23:27:00
TX00387,A0114,A0231,468.71,2024-01-04T23:27:00
TX00388,A0213,A0028,275.9,2024-01-05T12:15:00
TX00389,A0121,A0198,218.71,2024-01-01T22:17:00
TX00390,A0015,A0164,427.63,2024-01-02T03:03:00
TX00391,A0172,A0075,67.24,2024-01-02T13:34:00
TX00392,A0242,A0072,251.87,2024-01-06T08:05:00
TX00393,A0003,A0041,165.17,2024-01-01T05:11:00
TX00394,A0077,A0281,287.5,2024-01-07T22:15:00
TX00395,A0057,A0148,185.52,2024-01-03T16:53:00
TX00396,A0025,A0123,337.53,2024-01-05T18:38:00
TX00397,A0235,A0033,426.51,2024-01-02T06:16:00
TX00398,A0256,A0275,334.38,2024-01-01T04:29:00
TX00399,A0295,A0124,181.07,2024-01-02T15:12:00
TX00400,A0001,A0181,306.8,2024-01-03T17:41:00
TX00401,A0096,A0044,488.59,2024-01-06T22:56:00
TX00402,A0035,A0270,278.3,2024-01-07T04:34:00
TX00403,A0260,A0284,225.7,2024-01-01T05:33:00
TX00404,A0241,A0023,491.47,2024-01-05T09:38:00
TX00405,A0130,A0009,404.83,2024-01-05T01:30:00
TX00406,A0177,A0124,397.18,2024-01-02T04:18:00
TX00407,A0171,A0069,208.53,2024-01-01T12:06:00
TX00408,A0174,A0090,491.37,2024-01-06T06:52:00
TX00409,A0246,A0094,78.4,2024-01-02T12:49:00
TX00410,A0235,A0019,140.72,2024-01-04T08:07:00
TX00411,A0103,A0022,470.02,2024-01-04T14:10:00
TX00412,A0264,A0204,263.03,2024-01-07T04:17:00
TX00413,A0019,A0098,210.64,2024-01-04T06:07:00
TX00414,A0025,A0170,106.01,2024-01-04T02:36:00
TX00415,A0189,A0224,384.49,2024-01-05T13:13:00
TX00416,A0198,A0174,273.29,2024-01-03T03:00:00
TX00417,A0255,A0189,170.02,2024-01-06T21:47:00
TX00418,A0043,A0218,243.77,2024-01-01T21:33:00
TX00419,A0093,A0280,194.55,2024-01-04T08:13:00
TX00420,A0041,A0168,187.92,2024-01-04T08:43:00
TX00421,A0219,A0086,208.2,2024-01-06T01:12:00
TX00422,A0022,A0181,173.55,2024-01-05T22:46:00
TX00423,A0030,A0039,213.49,2024-01-05T14:55:00
TX00424,A0082,A0016,431.9,2024-01-02T14:59:00
TX00425,A0225,A0018,80.26,2024-01-02T10:28:00
TX00426,A0188,A0186,477.26,2024-01-05T08:32:00
TX00427,A0017,A0079,476.97,2024-01-06T02:51:00
TX00428,A0191,A0228,308.26,2024-01-01T20:59:00
TX00429,A0272,A0188,191.47,2024-01-05T12:41:00
TX00430,A0143,A0128,61.66,2024-01-02T06:58:00
TX00431,A0096,A0256,224.14,2024-01-06T21:22:00
TX00432,A0288,A0061,398.73,2024-01-03T23:28:00
TX00433,A0229,A0110,362.29,2024-01-04T05:58:00
TX00434,A0252,A0103,111.08,2024-01-02T09:29:00
TX00435,A0038,A0232,454.41,2024-01-02T23:08:00
TX00436,A0228,A0045,350.53,2024-01-04T15:16:00
TX00437,A0034,A0282,180.66,2024-01-07T04:02:00
TX00438,A0154,A0081,407.16,2024-01-02T23:32:00
TX00439,A0261,A0115,493.31,2024-01-02T09:08:00
TX00440,A0072,A0122,61.83,2024-01-06T14:54:00
TX00441,A0284,A0294,260.33,2024-01-05T04:44:00
TX00442,A0283,A0067,79.59,2024-01-01T23:32:00
TX00443,A0204,A0246,234.86,2024-01-06T23:32:00
TX00444,A0210,A0295,106.4,2024-01-01T20:08:00
TX00445,A0163,A0038,259.62,2024-01-06T02:52:00
TX00446,A0265,A0177,445.08,2024-01-02T11:02:00
TX00447,A0283,A0094,244.68,2024-01-02T11:14:00
TX00448,A0029,A0064,118.86,2024-01-06T21:28:00
TX00449,A0085,A0083,470.63,2024-01-04T16:06:00
TX00450,A0116,A0178,452.72,2024-01-06T21:41:00
TX00451,A0041,A0129,335.78,2024-01-03T05:36:00
TX00452,A0283,A0141,331.26,2024-01-02T10:10:00
TX00453,A0274,A0048,338.44,2024-01-06T17:14:00
TX00454,A0298,A0079,346.43,2024-01-02T22:44:00
TX00455,A0173,A0289,421.36,2024-01-01T11:14:00
TX00456,A0015,A0042,476.85,2024-01-01T12:24:00
TX00457,A0296,A0136,395.13,2024-01-03T09:33:00
TX00458,A0214,A0016,450.05,2024-01-06T15:59:00
TX00459,A0280,A0149,267.33,2024-01-04T10:29:00
TX00460,A0208,A0153,82.84,2024-01-06T03:50:00
TX00461,A0031,A0081,237.03,2024-01-06T00:02:00
TX00462,A0238,A0105,323.0,2024-01-04T20:53:00
TX00463,A0161,A0164,488.92,2024-01-04T22:18:00
TX00464,A0067,A0190,302.74,2024-01-06T20:37:00
TX00465,A0164,A0124,105.13,2024-01-06T07:22:00
TX00466,A0231,A0127,93.57,2024-01-02T14:28:00
TX00467,A0149,A0197,161.72,2024-01-05T18:10:00
TX00468,A0082,A0168,374.51,2024-01-07T13:44:00
TX00469,A0098,A0082,498.19,2024-01-06T16:03:00
TX00470,A0240,A0256,273.82,2024-01-04T12:15:00
TX00471,A0047,A0202,255.75,2024-01-06T18:01:00
TX00472,A0124,A0111,208.8,2024-01-07T15:17:00
TX00473,A0026,A0145,318.88,2024-01-06T15:08:00
TX00474,A0241,A0147,53.68,2024-01-07T02:33:00
TX00475,A0056,A0221,447.11,2024-01-02T12:34:00
TX00476,A0188,A0207,70.36,2024-01-05T03:55:00
TX00477,A0027,A0292,137.59,2024-01-07T09:24:00
TX00478,A0284,A0148,223.86,2024-01-01T20:04:00
TX00479,A0231,A0282,421.39,2024-01-04T04:22:00
TX00480,A0061,A0066,227.26,2024-01-02T02:24:00
TX00481,A0174,A0286,389.73,2024-01-05T03:50:00
TX00482,A0102,A0261,275.04,2024-01-05T13:36:00
TX00483,A0024,A0020,371.12,2024-01-02T13:25:00
TX00484,A0243,A0266,117.02,2024-01-06T04:47:00
TX00485,A0264,A0072,469.12,2024-01-04T17:33:00
TX00486,A0164,A0084,495.78,2024-01-05T11:18:00
TX00487,A0154,A0173,422.73,2024-01-06T18:31:00
TX00488,A0273,A0251,184.91,2024-01-07T09:42:00
TX00489,A0009,A0189,353.21,2024-01-04T18:27:00
TX00490,A0214,A0299,408.54,2024-01-04T12:00:00
TX00491,A0014,A0243,485.18,2024-01-04T00:30:00
TX00492,A0297,A0296,374.63,2024-01-03T14:08:00
TX00493,A0299,A0246,285.9,2024-01-02T22:33:00
TX00494,A0195,A0076,64.21,2024-01-03T18:08:00
TX00495,A0057,A0098,248.47,2024-01-01T05:10:00
TX00496,A0215,A0078,360.73,2024-01-05T16:45:00
TX00497,A0211,A0257,442.77,2024-01-06T08:46:00
TX00498,A0032,A0071,143.3,2024-01-06T21:38:00
TX00499,A0167,A0245,219.57,2024-01-06T23:29:00
TX00500,A0089,A0236,204.05,2024-01-07T01:34:00
TX00501,A0101,A0102,1102.76,2024-01-01T23:00:00
TX00502,A0102,A0103,1104.22,2024-01-02T23:00:00
TX00503,A0103,A0101,979.31,2024-01-02T21:00:00
TX00504,A0101,A0102,957.68,2024-01-02T07:00:00
TX00505,A0102,A0103,983.7,2024-01-01T16:00:00
TX00506,A0103,A0101,967.46,2024-01-01T20:00:00
TX00507,A0101,A0102,1131.35,2024-01-01T20:00:00
TX00508,A0102,A0103,962.18,2024-01-02T22:00:00
TX00509,A0103,A0101,1046.7,2024-01-02T22:00:00
TX00510,A0101,A0102,1004.64,2024-01-02T07:00:00
TX00511,A0102,A0103,982.04,2024-01-02T23:00:00
TX00512,A0103,A0101,1072.04,2024-01-01T08:00:00
TX00513,A0101,A0102,1013.91,2024-01-02T11:00:00
TX00514,A0102,A0103,1145.51,2024-01-02T02:00:00
TX00515,A0103,A0101,987.14,2024-01-01T10:00:00
TX00516,A0101,A0102,1186.59,2024-01-01T19:00:00
TX00517,A0102,A0103,1003.91,2024-01-01T06:00:00
TX00518,A0103,A0101,1096.79,2024-01-02T05:00:00
TX00519,A0101,A0102,1043.72,2024-01-03T00:00:00
TX00520,A0102,A0103,1148.39,2024-01-01T13:00:00
TX00521,A0103,A0101,1179.91,2024-01-01T18:00:00
TX00522,A0101,A0102,981.49,2024-01-02T21:00:00
TX00523,A0102,A0103,1084.7,2024-01-01T07:00:00
TX00524,A0103,A0101,971.78,2024-01-02T14:00:00
TX00525,A0101,A0102,1100.95,2024-01-01T04:00:00
TX00526,A0102,A0103,967.7,2024-01-02T10:00:00
TX00527,A0103,A0101,915.75,2024-01-01T15:00:00
TX00528,A0101,A0102,999.09,2024-01-02T03:00:00
TX00529,A0102,A0103,930.16,2024-01-02T07:00:00
TX00530,A0103,A0101,901.55,2024-01-01T09:00:00
TX00531,A0201,A0202,1193.37,2024-01-02T12:00:00
TX00532,A0202,A0203,1022.07,2024-01-01T11:00:00
TX00533,A0203,A0204,1043.23,2024-01-02T07:00:00
TX00534,A0204,A0201,1126.77,2024-01-01T13:00:00
TX00535,A0201,A0202,996.35,2024-01-01T19:00:00
TX00536,A0202,A0203,917.75,2024-01-02T18:00:00
TX00537,A0203,A0204,1095.69,2024-01-01T06:00:00
TX00538,A0204,A0201,1060.55,2024-01-01T15:00:00
TX00539,A0201,A0202,1155.1,2024-01-02T23:00:00
TX00540,A0202,A0203,1173.97,2024-01-01T03:00:00
TX00541,A0203,A0204,1025.37,2024-01-01T12:00:00
TX00542,A0204,A0201,1180.18,2024-01-01T12:00:00
TX00543,A0201,A0202,1199.15,2024-01-01T03:00:00
TX00544,A0202,A0203,1136.39,2024-01-02T02:00:00
TX00545,A0203,A0204,1180.98,2024-01-01T12:00:00
TX00546,A0204,A0201,1163.02,2024-01-01T19:00:00
TX00547,A0201,A0202,989.52,2024-01-01T01:00:00
TX00548,A0202,A0203,932.19,2024-01-02T15:00:00
TX00549,A0203,A0204,985.37,2024-01-01T22:00:00
TX00550,A0204,A0201,1062.99,2024-01-02T18:00:00
TX00551,A0201,A0202,1166.78,2024-01-02T08:00:00
TX00552,A0202,A0203,1155.32,2024-01-01T09:00:00
TX00553,A0203,A0204,981.85,2024-01-02T06:00:00
TX00554,A0204,A0201,999.21,2024-01-01T08:00:00
TX00555,A0201,A0202,1037.67,2024-01-02T23:00:00
TX00556,A0202,A0203,1115.58,2024-01-01T17:00:00
TX00557,A0203,A0204,1120.99,2024-01-01T01:00:00
TX00558,A0204,A0201,1070.33,2024-01-01T19:00:00
TX00559,A0201,A0202,952.65,2024-01-01T13:00:00
TX00560,A0202,A0203,1169.11,2024-01-02T17:00:00
TX00561,A0203,A0204,1054.58,2024-01-02T04:00:00
TX00562,A0204,A0201,1020.25,2024-01-01T06:00:00
TX00563,A0201,A0202,955.43,2024-01-01T07:00:00
TX00564,A0202,A0203,1043.24,2024-01-01T09:00:00
TX00565,A0203,A0204,902.05,2024-01-01T16:00:00
TX00566,A0204,A0201,970.66,2024-01-02T01:00:00
TX00567,A0201,A0202,1186.21,2024-01-01T18:00:00
TX00568,A0202,A0203,1074.74,2024-01-01T20:00:00
TX00569,A0203,A0204,903.43,2024-01-02T13:00:00
TX00570,A0204,A0201,1007.87,2024-01-02T18:00:00
TX00571,A0301,A0302,918.64,2024-01-01T16:00:00
TX00572,A0302,A0303,1039.62,2024-01-01T08:00:00
TX00573,A0303,A0304,1021.62,2024-01-01T11:00:00
TX00574,A0304,A0305,1176.93,2024-01-02T09:00:00
TX00575,A0305,A0301,1130.95,2024-01-02T22:00:00
TX00576,A0301,A0302,935.22,2024-01-02T21:00:00
TX00577,A0302,A0303,1010.26,2024-01-01T19:00:00
TX00578,A0303,A0304,965.74,2024-01-01T15:00:00
TX00579,A0304,A0305,1043.45,2024-01-01T09:00:00
TX00580,A0305,A0301,1124.32,2024-01-02T06:00:00
TX00581,A0301,A0302,1012.09,2024-01-02T15:00:00
TX00582,A0302,A0303,1064.77,2024-01-02T21:00:00
TX00583,A0303,A0304,1127.21,2024-01-02T07:00:00
TX00584,A0304,A0305,1147.68,2024-01-02T19:00:00
TX00585,A0305,A0301,1104.1,2024-01-01T16:00:00
TX00586,A0301,A0302,1161.94,2024-01-02T15:00:00
TX00587,A0302,A0303,1057.65,2024-01-01T06:00:00
TX00588,A0303,A0304,1111.13,2024-01-02T10:00:00
TX00589,A0304,A0305,1175.17,2024-01-01T05:00:00
TX00590,A0305,A0301,918.53,2024-01-01T08:00:00
TX00591,A0301,A0302,1170.87,2024-01-02T12:00:00
TX00592,A0302,A0303,1071.81,2024-01-01T13:00:00
TX00593,A0303,A0304,949.36,2024-01-01T10:00:00
TX00594,A0304,A0305,1032.55,2024-01-02T10:00:00
TX00595,A0305,A0301,961.62,2024-01-02T20:00:00
TX00596,A0301,A0302,1046.65,2024-01-02T14:00:00
TX00597,A0302,A0303,1033.64,2024-01-02T09:00:00
TX00598,A0303,A0304,1036.03,2024-01-01T04:00:00
TX00599,A0304,A0305,1024.63,2024-01-02T09:00:00
TX00600,A0305,A0301,917.32,2024-01-02T13:00:00
TX00601,A0301,A0302,1101.83,2024-01-02T06:00:00
TX00602,A0302,A0303,1116.98,2024-01-01T20:00:00
TX00603,A0303,A0304,976.34,2024-01-02T02:00:00
TX00604,A0304,A0305,1123.74,2024-01-01T01:00:00
TX00605,A0305,A0301,921.91,2024-01-02T14:00:00
TX00606,A0301,A0302,1003.36,2024-01-02T04:00:00
TX00607,A0302,A0303,1062.35,2024-01-01T05:00:00
TX00608,A0303,A0304,1180.37,2024-01-01T04:00:00
TX00609,A0304,A0305,1195.84,2024-01-01T05:00:00
TX00610,A0305,A0301,909.52,2024-01-02T07:00:00
TX00611,A0301,A0302,953.99,2024-01-02T03:00:00
TX00612,A0302,A0303,1129.75,2024-01-01T09:00:00
TX00613,A0303,A0304,1093.76,2024-01-02T23:00:00
TX00614,A0304,A0305,1012.34,2024-01-02T03:00:00
TX00615,A0305,A0301,1034.56,2024-01-02T01:00:00
TX00616,A0301,A0302,1012.69,2024-01-02T01:00:00
TX00617,A0302,A0303,1189.24,2024-01-02T20:00:00
TX00618,A0303,A0304,939.9,2024-01-02T11:00:00
TX00619,A0304,A0305,935.59,2024-01-01T23:00:00
TX00620,A0305,A0301,1017.92,2024-01-02T11:00:00
TX00621,A0401,A0400,212.73,2024-01-06T14:00:00
TX00622,A0401,A0400,283.48,2024-01-08T00:00:00
TX00623,A0401,A0400,202.27,2024-01-06T19:00:00
TX00624,A0402,A0400,246.3,2024-01-07T22:00:00
TX00625,A0402,A0400,254.44,2024-01-07T10:00:00
TX00626,A0402,A0400,237.93,2024-01-06T14:00:00
TX00627,A0403,A0400,224.75,2024-01-06T22:00:00
TX00628,A0403,A0400,215.51,2024-01-06T12:00:00
TX00629,A0403,A0400,293.74,2024-01-07T22:00:00
TX00630,A0404,A0400,276.55,2024-01-06T02:00:00
TX00631,A0404,A0400,280.95,2024-01-07T02:00:00
TX00632,A0404,A0400,261.49,2024-01-06T01:00:00
TX00633,A0405,A0400,224.07,2024-01-06T04:00:00
TX00634,A0405,A0400,210.09,2024-01-06T02:00:00
TX00635,A0405,A0400,244.64,2024-01-07T19:00:00
TX00636,A0406,A0400,270.33,2024-01-06T03:00:00
TX00637,A0406,A0400,224.47,2024-01-06T02:00:00
TX00638,A0406,A0400,240.23,2024-01-06T14:00:00
TX00639,A0407,A0400,253.98,2024-01-08T00:00:00
TX00640,A0407,A0400,286.37,2024-01-06T03:00:00
TX00641,A0407,A0400,214.01,2024-01-06T18:00:00
TX00642,A0408,A0400,223.42,2024-01-07T22:00:00
TX00643,A0408,A0400,257.61,2024-01-07T12:00:00
TX00644,A0408,A0400,259.79,2024-01-07T19:00:00
TX00645,A0409,A0400,281.84,2024-01-06T15:00:00
TX00646,A0409,A0400,230.18,2024-01-06T09:00:00
TX00647,A0409,A0400,298.57,2024-01-07T09:00:00
TX00648,A0410,A0400,222.1,2024-01-06T19:00:00
TX00649,A0410,A0400,227.52,2024-01-07T11:00:00
TX00650,A0410,A0400,294.85,2024-01-07T23:00:00
TX00651,A0411,A0400,291.16,2024-01-07T16:00:00
TX00652,A0411,A0400,267.88,2024-01-07T11:00:00
TX00653,A0411,A0400,249.56,2024-01-06T22:00:00
TX00654,A0412,A0400,294.16,2024-01-07T18:00:00
TX00655,A0412,A0400,238.12,2024-01-07T09:00:00
TX00656,A0412,A0400,231.87,2024-01-07T02:00:00
TX00657,A0413,A0400,240.83,2024-01-06T19:00:00
TX00658,A0413,A0400,237.65,2024-01-08T00:00:00
TX00659,A0413,A0400,253.79,2024-01-06T15:00:00
TX00660,A0414,A0400,284.93,2024-01-06T19:00:00
TX00661,A0414,A0400,285.75,2024-01-06T09:00:00
TX00662,A0414,A0400,280.58,2024-01-06T03:00:00
TX00663,A0500,A0501,256.24,2024-01-07T02:00:00
TX00664,A0500,A0501,255.73,2024-01-06T08:00:00
TX00665,A0500,A0501,238.84,2024-01-06T16:00:00
TX00666,A0500,A0502,220.33,2024-01-07T17:00:00
TX00667,A0500,A0502,207.91,2024-01-07T04:00:00
TX00668,A0500,A0502,284.71,2024-01-06T05:00:00
TX00669,A0500,A0503,253.56,2024-01-06T12:00:00
TX00670,A0500,A0503,205.15,2024-01-07T00:00:00
TX00671,A0500,A0503,267.37,2024-01-07T14:00:00
TX00672,A0500,A0504,203.95,2024-01-06T04:00:00
TX00673,A0500,A0504,218.82,2024-01-08T00:00:00
TX00674,A0500,A0504,258.76,2024-01-07T18:00:00
TX00675,A0500,A0505,255.89,2024-01-07T06:00:00
TX00676,A0500,A0505,220.89,2024-01-06T21:00:00
TX00677,A0500,A0505,230.32,2024-01-06T00:00:00
TX00678,A0500,A0506,221.18,2024-01-06T12:00:00
TX00679,A0500,A0506,296.21,2024-01-06T07:00:00
TX00680,A0500,A0506,274.69,2024-01-08T00:00:00
TX00681,A0500,A0507,247.89,2024-01-06T15:00:00
TX00682,A0500,A0507,269.56,2024-01-07T21:00:00
TX00683,A0500,A0507,220.45,2024-01-06T15:00:00
TX00684,A0500,A0508,255.21,2024-01-06T18:00:00
TX00685,A0500,A0508,238.07,2024-01-07T10:00:00
TX00686,A0500,A0508,264.87,2024-01-06T19:00:00
TX00687,A0500,A0509,226.16,2024-01-07T08:00:00
TX00688,A0500,A0509,288.28,2024-01-07T05:00:00
TX00689,A0500,A0509,209.86,2024-01-07T22:00:00
TX00690,A0500,A0510,246.95,2024-01-06T20:00:00
TX00691,A0500,A0510,291.43,2024-01-06T23:00:00
TX00692,A0500,A0510,231.29,2024-01-06T02:00:00
TX00693,A0500,A0511,256.25,2024-01-06T14:00:00
TX00694,A0500,A0511,274.13,2024-01-06T01:00:00
TX00695,A0500,A0511,226.08,2024-01-07T13:00:00
TX00696,A0500,A0512,257.91,2024-01-07T02:00:00
TX00697,A0500,A0512,229.52,2024-01-06T12:00:00
TX00698,A0500,A0512,232.99,2024-01-07T00:00:00
TX00699,A0500,A0513,256.98,2024-01-06T15:00:00
TX00700,A0500,A0513,249.93,2024-01-07T17:00:00
TX00701,A0500,A0513,294.35,2024-01-06T21:00:00
TX00702,A0500,A0514,225.73,2024-01-07T07:00:00
TX00703,A0500,A0514,296.65,2024-01-07T17:00:00
TX00704,A0500,A0514,273.96,2024-01-07T05:00:00
TX00705,A0601,A0602,733.65,2024-01-11T00:00:00
TX00706,A0602,A0603,859.0,2024-01-12T00:00:00
TX00707,A0603,A0604,733.85,2024-01-13T00:00:00
TX00708,A0601,A0602,844.06,2024-01-11T00:00:00
TX00709,A0602,A0603,797.66,2024-01-12T00:00:00
TX00710,A0603,A0604,883.38,2024-01-13T00:00:00
TX00711,A0601,A0602,808.43,2024-01-11T00:00:00
TX00712,A0602,A0603,828.36,2024-01-12T00:00:00
TX00713,A0603,A0604,711.75,2024-01-13T00:00:00
TX00714,A0601,A0602,706.76,2024-01-11T00:00:00
TX00715,A0602,A0603,869.34,2024-01-12T00:00:00
TX00716,A0603,A0604,889.04,2024-01-13T00:00:00
TX00717,A0601,A0602,833.64,2024-01-11T00:00:00
TX00718,A0602,A0603,852.87,2024-01-12T00:00:00
TX00719,A0603,A0604,782.48,2024-01-13T00:00:00
TX00720,A0601,A0602,868.51,2024-01-11T00:00:00
TX00721,A0602,A0603,746.29,2024-01-12T00:00:00
TX00722,A0603,A0604,841.43,2024-01-13T00:00:00
TX00723,A0601,A0602,701.83,2024-01-11T00:00:00
TX00724,A0602,A0603,801.15,2024-01-12T00:00:00
TX00725,A0603,A0604,774.64,2024-01-13T00:00:00
TX00726,A0601,A0602,823.57,2024-01-11T00:00:00
TX00727,A0602,A0603,833.35,2024-01-12T00:00:00
TX00728,A0603,A0604,823.3,2024-01-13T00:00:00
TX00729,A0601,A0602,796.64,2024-01-11T00:00:00
TX00730,A0602,A0603,797.57,2024-01-12T00:00:00
TX00731,A0603,A0604,701.32,2024-01-13T00:00:00
TX00732,A0601,A0602,810.33,2024-01-11T00:00:00
TX00733,A0602,A0603,702.37,2024-01-12T00:00:00
TX00734,A0603,A0604,805.88,2024-01-13T00:00:00
TX00735,A0701,A0702,754.95,2024-01-11T00:00:00
TX00736,A0702,A0703,895.5,2024-01-12T00:00:00
TX00737,A0701,A0702,703.43,2024-01-11T00:00:00
TX00738,A0702,A0703,862.63,2024-01-12T00:00:00
TX00739,A0701,A0702,834.81,2024-01-11T00:00:00
TX00740,A0702,A0703,861.23,2024-01-12T00:00:00
TX00741,A0701,A0702,881.95,2024-01-11T00:00:00
TX00742,A0702,A0703,721.4,2024-01-12T00:00:00
TX00743,A0701,A0702,719.26,2024-01-11T00:00:00
TX00744,A0702,A0703,729.78,2024-01-12T00:00:00
TX00745,A0701,A0702,738.39,2024-01-11T00:00:00
TX00746,A0702,A0703,805.29,2024-01-12T00:00:00
TX00747,A0701,A0702,863.04,2024-01-11T00:00:00
TX00748,A0702,A0703,753.46,2024-01-12T00:00:00
TX00749,A0701,A0702,779.38,2024-01-11T00:00:00
TX00750,A0702,A0703,774.61,2024-01-12T00:00:00
TX00751,A0701,A0702,781.21,2024-01-11T00:00:00
TX00752,A0702,A0703,813.0,2024-01-12T00:00:00
TX00753,A0701,A0702,898.05,2024-01-11T00:00:00
TX00754,A0702,A0703,745.17,2024-01-12T00:00:00
TX00755,A0042,M001,191.53,2024-01-01T17:18:00
TX00756,A0195,M001,1107.64,2024-01-09T13:59:00
TX00757,A0029,M001,1407.18,2024-01-01T05:09:00
TX00758,A0043,M001,1691.43,2024-01-12T08:59:00
TX00759,A0170,M001,1954.77,2024-01-13T21:01:00
TX00760,A0049,M001,1838.71,2024-01-13T00:26:00
TX00761,A0118,M001,1803.04,2024-01-05T19:27:00
TX00762,A0291,M001,545.83,2024-01-11T19:41:00
TX00763,A0039,M001,1799.13,2024-01-07T09:07:00
TX00764,A0289,M001,362.81,2024-01-01T17:58:00
TX00765,A0162,M001,1923.13,2024-01-01T08:33:00
TX00766,A0074,M001,1858.11,2024-01-10T01:31:00
TX00767,A0154,M001,1130.1,2024-01-04T16:43:00
TX00768,A0291,M001,1355.68,2024-01-09T20:31:00
TX00769,A0277,M001,770.77,2024-01-08T13:10:00
TX00770,A0072,M001,1004.08,2024-01-02T18:49:00
TX00771,A0178,M001,199.88,2024-01-02T05:19:00
TX00772,A0119,M001,684.48,2024-01-02T17:30:00
TX00773,A0204,M001,64.1,2024-01-08T10:14:00
TX00774,A0140,M001,983.75,2024-01-11T06:03:00
TX00775,A0183,M001,1882.58,2024-01-13T14:01:00
TX00776,A0222,M001,1360.99,2024-01-05T05:26:00
TX00777,A0195,M001,1545.47,2024-01-02T22:48:00
TX00778,A0152,M001,1427.65,2024-01-06T14:35:00
TX00779,A0043,M001,312.67,2024-01-07T02:20:00
TX00780,A0079,M001,636.77,2024-01-09T20:47:00
TX00781,A0055,M001,15.36,2024-01-03T01:58:00
TX00782,A0158,M001,723.04,2024-01-11T02:53:00
TX00783,A0139,M001,269.35,2024-01-03T07:49:00
TX00784,A0096,M001,900.44,2024-01-10T19:22:00
TX00785,A0285,M001,819.05,2024-01-12T15:51:00
TX00786,A0014,M001,711.06,2024-01-03T00:56:00
TX00787,A0048,M001,1198.1,2024-01-14T14:00:00
TX00788,A0167,M001,29.62,2024-01-09T18:23:00
TX00789,A0212,M001,1559.44,2024-01-09T19:47:00
TX00790,A0287,M001,1146.06,2024-01-06T12:34:00
TX00791,A0087,M001,343.16,2024-01-09T15:55:00
TX00792,A0138,M001,540.47,2024-01-07T20:27:00
TX00793,A0075,M001,338.58,2024-01-02T10:33:00
TX00794,A0142,M001,603.01,2024-01-10T13:58:00
TX00795,A0040,M002,507.14,2024-01-09T05:13:00
TX00796,A0127,M002,1189.64,2024-01-12T06:46:00
TX00797,A0101,M002,218.41,2024-01-11T10:03:00
TX00798,A0156,M002,1897.9,2024-01-01T03:41:00
TX00799,A0171,M002,1609.13,2024-01-09T15:28:00
TX00800,A0169,M002,672.8,2024-01-11T00:25:00
TX00801,A0070,M002,644.73,2024-01-07T20:04:00
TX00802,A0103,M002,631.8,2024-01-11T21:36:00
TX00803,A0204,M002,586.44,2024-01-08T06:17:00
TX00804,A0252,M002,1565.04,2024-01-14T02:30:00
TX00805,A0167,M002,564.2,2024-01-09T13:22:00
TX00806,A0202,M002,232.21,2024-01-09T07:20:00
TX00807,A0289,M002,1186.49,2024-01-05T13:07:00
TX00808,A0280,M002,1365.02,2024-01-05T02:15:00
TX00809,A0282,M002,1906.24,2024-01-01T14:41:00
TX00810,A0237,M002,879.72,2024-01-05T18:29:00
TX00811,A0150,M002,1638.84,2024-01-02T13:46:00
TX00812,A0210,M002,282.66,2024-01-12T08:41:00
TX00813,A0156,M002,509.1,2024-01-06T12:10:00
TX00814,A0079,M002,1579.21,2024-01-10T15:05:00
TX00815,A0038,M002,1981.45,2024-01-11T05:15:00
TX00816,A0246,M002,804.61,2024-01-14T05:58:00
TX00817,A0260,M002,1089.57,2024-01-10T12:26:00
TX00818,A0185,M002,1189.67,2024-01-13T05:13:00
TX00819,A0044,M002,1539.06,2024-01-03T11:43:00
TX00820,A0182,M002,1295.76,2024-01-04T18:50:00
TX00821,A0023,M002,1967.3,2024-01-13T19:35:00
TX00822,A0205,M002,1931.6,2024-01-08T13:05:00
TX00823,A0221,M002,26.04,2024-01-03T09:51:00
TX00824,A0133,M002,1023.8,2024-01-06T01:14:00
TX00825,A0266,M002,1163.13,2024-01-13T16:44:00
TX00826,A0295,M002,894.33,2024-01-06T00:42:00
TX00827,A0201,M002,1545.82,2024-01-11T12:53:00
TX00828,A0257,M002,693.21,2024-01-04T10:19:00
TX00829,A0013,M002,213.58,2024-01-11T23:39:00
TX00830,A0213,M002,236.56,2024-01-02T22:53:00
TX00831,A0073,M002,627.22,2024-01-08T22:14:00
TX00832,A0234,M002,1044.62,2024-01-05T16:58:00
TX00833,A0179,M002,199.76,2024-01-11T20:02:00
TX00834,A0232,M002,139.01,2024-01-08T06:10:00
TX00835,A0023,M003,50.06,2024-01-03T14:51:00
TX00836,A0176,M003,1355.89,2024-01-03T11:43:00
TX00837,A0085,M003,1034.41,2024-01-06T13:12:00
TX00838,A0283,M003,665.32,2024-01-04T15:27:00
TX00839,A0219,M003,467.55,2024-01-11T12:20:00
TX00840,A0208,M003,376.84,2024-01-05T04:44:00
TX00841,A0222,M003,63.24,2024-01-10T00:02:00
TX00842,A0102,M003,1186.45,2024-01-11T05:31:00
TX00843,A0200,M003,1410.95,2024-01-01T02:25:00
TX00844,A0106,M003,1505.89,2024-01-07T08:00:00
TX00845,A0033,M003,208.0,2024-01-14T03:18:00
TX00846,A0275,M003,734.76,2024-01-05T06:06:00
TX00847,A0101,M003,232.34,2024-01-11T09:53:00
TX00848,A0251,M003,1932.0,2024-01-13T00:12:00
TX00849,A0161,M003,780.34,2024-01-14T14:01:00
TX00850,A0201,M003,232.89,2024-01-14T08:34:00
TX00851,A0181,M003,1236.64,2024-01-11T10:03:00
TX00852,A0153,M003,174.08,2024-01-14T10:18:00
TX00853,A0069,M003,240.13,2024-01-08T03:02:00
TX00854,A0157,M003,370.17,2024-01-03T15:52:00
TX00855,A0073,M003,779.98,2024-01-12T14:58:00
TX00856,A0071,M003,770.5,2024-01-14T01:55:00
TX00857,A0096,M003,1272.83,2024-01-12T01:47:00
TX00858,A0089,M003,337.9,2024-01-13T15:03:00
TX00859,A0148,M003,378.26,2024-01-04T04:37:00
TX00860,A0231,M003,1731.72,2024-01-02T05:16:00
TX00861,A0005,M003,277.39,2024-01-12T00:39:00
TX00862,A0197,M003,1013.35,2024-01-13T18:41:00
TX00863,A0254,M003,1370.97,2024-01-10T07:26:00
TX00864,A0213,M003,979.96,2024-01-11T02:24:00
TX00865,A0043,M003,66.57,2024-01-13T20:46:00
TX00866,A0113,M003,70.23,2024-01-07T15:31:00
TX00867,A0116,M003,580.9,2024-01-13T05:36:00
TX00868,A0235,M003,1486.32,2024-01-13T20:55:00
TX00869,A0254,M003,1024.06,2024-01-13T12:13:00
TX00870,A0294,M003,539.44,2024-01-03T14:22:00
TX00871,A0279,M003,1086.38,2024-01-09T08:21:00
TX00872,A0022,M003,1094.97,2024-01-11T01:02:00
TX00873,A0218,M003,1473.3,2024-01-03T07:55:00
TX00874,A0127,M003,1750.25,2024-01-07T18:35:00
TX00875,A0017,M004,529.32,2024-01-11T05:36:00
TX00876,A0045,M004,1731.25,2024-01-10T23:47:00
TX00877,A0061,M004,423.71,2024-01-06T09:24:00
TX00878,A0180,M004,1267.38,2024-01-14T21:17:00
TX00879,A0085,M004,1570.77,2024-01-04T04:02:00
TX00880,A0106,M004,1142.3,2024-01-02T08:25:00
TX00881,A0273,M004,1195.73,2024-01-07T09:30:00
TX00882,A0087,M004,1958.11,2024-01-08T08:45:00
TX00883,A0150,M004,1147.61,2024-01-07T14:00:00
TX00884,A0264,M004,275.5,2024-01-03T04:00:00
TX00885,A0211,M004,1985.01,2024-01-02T08:22:00
TX00886,A0065,M004,503.11,2024-01-04T00:28:00
TX00887,A0165,M004,1524.14,2024-01-06T15:11:00
TX00888,A0202,M004,288.63,2024-01-12T03:18:00
TX00889,A0138,M004,753.47,2024-01-10T10:13:00
TX00890,A0039,M004,808.69,2024-01-03T02:50:00
TX00891,A0143,M004,912.12,2024-01-09T09:33:00
TX00892,A0250,M004,1166.0,2024-01-08T10:44:00
TX00893,A0048,M004,1271.51,2024-01-11T10:22:00
TX00894,A0184,M004,1592.38,2024-01-02T10:35:00
TX00895,A0204,M004,1936.42,2024-01-05T22:57:00
TX00896,A0109,M004,540.73,2024-01-12T06:10:00
TX00897,A0146,M004,1096.88,2024-01-08T16:27:00
TX00898,A0067,M004,1705.58,2024-01-13T21:11:00
TX00899,A0176,M004,96.66,2024-01-02T02:26:00
TX00900,A0236,M004,252.85,2024-01-01T08:53:00
TX00901,A0081,M004,915.75,2024-01-11T01:00:00
TX00902,A0220,M004,1991.41,2024-01-05T14:29:00
TX00903,A0068,M004,322.16,2024-01-07T20:51:00
TX00904,A0141,M004,1310.9,2024-01-03T02:58:00
TX00905,A0129,M004,746.83,2024-01-02T21:00:00
TX00906,A0085,M004,795.7,2024-01-02T04:16:00
TX00907,A0157,M004,861.32,2024-01-06T07:52:00
TX00908,A0047,M004,7.17,2024-01-03T03:58:00
TX00909,A0245,M004,269.74,2024-01-02T18:33:00
TX00910,A0116,M004,1361.57,2024-01-12T19:41:00
TX00911,A0005,M004,1392.72,2024-01-01T04:24:00
TX00912,A0062,M004,1389.59,2024-01-10T14:38:00
TX00913,A0245,M004,461.75,2024-01-02T14:40:00
TX00914,A0046,M004,210.89,2024-01-03T07:56:00
TX00915,A0189,M005,278.57,2024-01-07T19:25:00
TX00916,A0069,M005,141.48,2024-01-04T06:01:00
TX00917,A0289,M005,1222.59,2024-01-01T04:37:00
TX00918,A0085,M005,705.62,2024-01-11T00:21:00
TX00919,A0110,M005,1840.19,2024-01-04T10:40:00
TX00920,A0227,M005,177.94,2024-01-05T22:38:00
TX00921,A0052,M005,1506.13,2024-01-04T04:27:00
TX00922,A0197,M005,1926.68,2024-01-08T23:59:00
TX00923,A0162,M005,499.33,2024-01-04T04:21:00
TX00924,A0044,M005,1109.03,2024-01-06T15:31:00
TX00925,A0146,M005,1696.54,2024-01-01T14:38:00
TX00926,A0155,M005,1037.91,2024-01-05T16:12:00
TX00927,A0261,M005,1496.95,2024-01-05T07:01:00
TX00928,A0152,M005,1568.68,2024-01-02T05:48:00
TX00929,A0123,M005,774.84,2024-01-12T06:16:00
TX00930,A0124,M005,1277.97,2024-01-12T08:50:00
TX00931,A0037,M005,1778.01,2024-01-13T00:30:00
TX00932,A0007,M005,1868.18,2024-01-09T05:12:00
TX00933,A0068,M005,1722.32,2024-01-09T19:15:00
TX00934,A0292,M005,734.0,2024-01-10T13:50:00
TX00935,A0089,M005,1909.13,2024-01-11T17:14:00
TX00936,A0038,M005,1176.79,2024-01-01T09:06:00
TX00937,A0008,M005,435.41,2024-01-06T23:11:00
TX00938,A0031,M005,1015.69,2024-01-10T01:20:00
TX00939,A0257,M005,850.03,2024-01-10T10:52:00
TX00940,A0206,M005,1282.87,2024-01-02T21:00:00
TX00941,A0276,M005,558.55,2024-01-04T11:23:00
TX00942,A0159,M005,1025.05,2024-01-02T19:09:00
TX00943,A0105,M005,1075.1,2024-01-04T12:51:00
TX00944,A0201,M005,1270.42,2024-01-14T08:16:00
TX00945,A0034,M005,1398.86,2024-01-08T01:23:00
TX00946,A0123,M005,492.74,2024-01-02T07:37:00
TX00947,A0223,M005,909.48,2024-01-03T15:20:00
TX00948,A0029,M005,1333.83,2024-01-08T00:54:00
TX00949,A0090,M005,30.27,2024-01-03T17:13:00
TX00950,A0071,M005,331.85,2024-01-01T06:11:00
TX00951,A0178,M005,1036.86,2024-01-12T21:37:00
TX00952,A0133,M005,746.88,2024-01-04T19:11:00
TX00953,A0138,M005,1544.0,2024-01-03T16:28:00
TX00954,A0016,M005,1615.18,2024-01-08T14:57:00
