account_id,total_transactions,total_amount_sent,avg_transaction_amount,unique_receivers,unique_senders,max_transactions_per_hour,smurfing_flag,layering_depth,cycle_count,ring_size,merchant_flag,label
A0001,97,1211380.73,25774.06,47,47,1,1,0,0,842,0,1
A0002,90,1235723.8,26863.56,46,43,2,1,0,0,842,0,1
A0003,100,1023077.01,21314.1,46,50,2,1,0,1,842,0,1
A0004,104,1312634.8,24308.05,51,48,2,1,0,0,842,0,1
A0005,113,1282013.33,20677.63,62,50,2,1,4,0,842,0,1
A0006,115,1475172.68,22351.1,66,47,2,1,0,0,842,0,1
A0007,114,1110692.01,25243.0,44,68,1,1,0,1,842,0,1
A0008,100,1078265.13,26299.15,41,58,1,0,0,0,0,0,0
A0009,108,1496089.87,27705.37,53,51,1,1,0,0,842,0,1
A0010,110,1585484.21,29914.8,53,54,2,1,0,0,842,0,1
A0011,104,1194912.52,25423.67,47,57,1,1,0,0,842,0,1
A0012,88,1064160.03,21717.55,48,39,2,1,0,0,842,0,1
A0013,112,993112.81,21130.06,47,60,2,1,4,0,842,0,1
A0014,96,963326.74,22936.35,42,52,1,1,0,0,842,0,1
A0015,98,1429606.84,25528.69,52,40,2,1,4,0,842,0,1
A0016,81,1016784.67,22104.01,45,34,3,0,0,0,0,0,0
A0017,95,1213955.12,23803.04,50,43,2,0,0,0,0,0,0
A0018,77,799310.84,20495.15,38,38,2,1,0,0,842,0,1
A0019,110,1325849.7,27621.87,46,60,2,0,0,0,0,0,0
A0020,109,1365020.89,20073.84,67,40,3,1,0,0,842,0,1
A0021,97,1202140.75,27321.38,41,52,2,0,0,0,0,0,0
A0022,99,1305159.41,26103.19,47,48,1,1,0,0,842,0,1
A0023,97,974293.56,20297.78,47,49,1,1,0,0,842,0,1
A0024,99,1196751.6,24932.32,45,50,1,0,4,0,842,0,1
A0025,93,1375926.13,22932.1,58,31,2,1,0,0,842,0,1
A0026,100,1088647.65,24741.99,44,56,1,1,4,1,842,0,1
A0027,87,1085480.71,24670.02,44,42,2,1,0,0,842,0,1
A0028,83,765811.93,21272.55,36,47,1,0,0,1,842,0,1
A0029,92,901596.04,25044.33,36,53,2,1,0,0,842,0,1
A0030,99,1096279.09,21925.58,48,49,2,1,0,0,842,0,1
A0031,106,1379601.31,25548.17,52,51,2,0,0,0,0,0,0
A0032,93,976488.84,22709.04,43,50,2,1,0,0,842,0,1
A0033,100,1377138.68,23341.33,55,39,2,1,0,0,842,0,1
A0034,101,1284567.57,25187.6,50,49,2,0,0,0,0,0,0
A0035,108,1448801.92,26341.85,53,51,2,0,0,0,0,0,0
A0036,99,1201953.42,22258.4,52,45,1,1,4,0,842,0,1
A0037,97,1111916.1,23657.79,44,50,2,1,4,1,842,0,1
A0038,92,1129267.26,24549.29,45,45,2,1,4,0,842,0,1
A0039,100,1181488.4,25684.53,46,51,2,1,0,0,842,0,1
A0040,80,1039228.99,25980.72,39,38,2,0,0,0,0,0,0
A0041,97,1130185.9,25115.24,45,52,2,1,0,0,842,0,1
A0042,87,747085.45,20752.37,36,49,3,1,4,0,842,0,1
A0043,90,962082.66,23465.43,41,49,2,1,0,1,842,0,1
A0044,83,1014475.65,24743.31,40,42,2,1,0,0,842,0,1
A0045,119,1197739.28,18147.56,65,53,3,1,0,0,842,0,1
A0046,94,1209258.71,24185.17,47,44,2,1,0,0,842,0,1
A0047,73,667476.38,22249.21,30,41,2,0,0,0,0,0,0
A0048,99,1262132.96,26294.44,47,50,2,1,0,0,842,0,1
A0049,88,1069786.6,23773.04,44,42,2,1,0,0,842,0,1
A0050,84,1078184.23,24504.19,43,39,1,1,0,0,842,0,1
A0051,90,1066764.8,23190.54,44,43,2,1,0,0,842,0,1
A0052,96,1443351.23,25321.95,53,39,2,1,0,0,842,0,1
A0053,105,1388008.54,23133.48,58,44,2,1,0,0,842,0,1
A0054,93,1163024.92,23260.5,49,41,2,1,4,1,842,0,1
A0055,97,1307090.71,27231.06,47,49,2,1,0,0,842,0,1
A0056,86,1073270.91,23331.98,45,40,1,1,0,0,842,0,1
A0057,94,1170206.78,25439.28,46,47,2,0,0,0,0,0,0
A0058,94,1307541.46,26150.83,50,42,2,1,0,0,842,0,1
A0059,107,1287985.77,23851.59,52,51,2,1,0,0,842,0,1
A0060,79,1147045.33,24935.77,45,33,1,1,0,1,842,0,1
A0061,119,1474869.8,23410.63,62,56,2,1,0,0,842,0,1
A0062,94,1408335.92,27083.38,49,40,2,1,0,0,842,0,1
A0063,104,816979.57,17760.43,46,56,2,1,0,1,842,0,1
A0064,106,1308207.84,23360.85,56,49,2,1,4,0,842,0,1
A0065,92,1073322.93,24393.7,44,45,2,0,0,0,0,0,0
A0066,116,1574705.16,23503.06,65,48,2,1,0,0,842,0,1
A0067,96,919437.87,22985.95,38,55,2,0,0,0,0,0,0
A0068,123,1361779.36,24317.49,55,65,2,1,0,0,842,0,1
A0069,105,1812593.0,27886.05,62,39,1,1,0,0,842,0,1
A0070,104,1490980.26,26157.55,57,47,2,1,0,0,842,0,1
A0071,92,1213061.91,25272.12,47,44,2,1,0,0,842,0,1
A0072,96,1399012.39,28551.27,48,45,1,0,0,1,842,0,1
A0073,109,1396834.16,23675.16,58,49,2,1,4,0,842,0,1
A0074,100,1354196.24,21495.18,60,37,2,1,0,0,842,0,1
A0075,88,1065530.7,24216.61,42,43,2,0,4,0,842,0,1
A0076,102,1258892.86,24684.17,50,51,2,1,0,1,842,0,1
A0077,103,1437197.0,22110.72,63,36,3,1,0,0,842,0,1
A0078,72,974608.97,23204.98,40,30,2,0,4,0,842,0,1
A0079,93,1072602.84,22821.34,45,45,2,0,4,0,842,0,1
A0080,89,1413336.63,26666.73,52,35,2,1,0,0,842,0,1
A0081,77,834564.95,21962.24,36,39,1,1,0,0,842,0,1
A0082,113,1642978.96,26079.03,62,49,2,1,0,0,842,0,1
A0083,115,1451707.54,25029.44,55,57,2,1,4,0,842,0,1
A0084,92,789586.63,17164.93,45,46,2,1,0,0,842,0,1
A0085,106,1052797.87,23395.51,44,58,1,1,4,0,842,0,1
A0086,110,1633429.22,25129.68,64,45,2,1,4,0,842,0,1
A0087,92,1255595.74,29895.14,41,50,2,1,0,0,842,0,1
A0088,85,877518.94,23716.73,37,46,2,1,4,0,842,0,1
A0089,93,1065447.8,22669.1,46,45,2,1,0,0,842,0,1
A0090,103,1310190.6,25195.97,50,51,1,1,0,0,842,0,1
A0091,98,1135132.56,23648.6,48,48,2,1,4,0,842,0,1
A0092,99,1227760.94,23165.3,51,44,2,1,0,0,842,0,1
A0093,104,1387649.91,23925.0,57,46,2,1,0,0,842,0,1
A0094,107,1055377.6,22454.84,46,58,2,1,0,1,842,0,1
A0095,90,1261856.78,23808.62,53,37,2,0,0,0,0,0,0
A0096,115,1263057.28,21050.95,58,52,2,1,4,0,842,0,1
A0097,96,1361266.82,26691.51,50,43,1,0,0,0,0,0,0
A0098,91,1177962.38,27394.47,42,47,1,1,0,0,842,0,1
A0099,87,1139545.31,23740.53,46,38,1,1,0,0,842,0,1
A0100,88,1031825.03,23450.57,44,44,2,1,0,0,842,0,1
A0101,98,1128280.11,25072.89,44,51,2,1,0,0,842,0,1
A0102,107,1609623.96,26827.07,58,47,2,0,0,0,0,0,0
A0103,95,1120778.78,24364.76,45,48,2,1,0,0,842,0,1
A0104,91,1205312.92,24598.22,49,41,2,1,0,0,842,0,1
A0105,117,1411969.31,23147.04,60,56,2,1,0,0,842,0,1
A0106,96,958110.32,21775.23,44,52,2,1,4,0,842,0,1
A0107,93,1033338.66,24603.3,40,49,1,1,0,0,842,0,1
A0108,114,1602697.85,25042.15,63,48,2,0,0,0,0,0,0
A0109,93,1071476.03,29763.22,36,54,2,1,0,0,842,0,1
A0110,104,1048427.12,21396.47,48,55,1,1,0,0,842,0,1
A0111,108,1238218.39,24764.37,49,57,2,1,0,1,842,0,1
A0112,102,1354192.94,26552.8,51,51,1,0,0,0,0,0,0
A0113,93,926596.27,26474.18,35,57,1,1,0,0,842,0,1
A0114,108,1064512.16,20471.39,49,56,2,1,0,0,842,0,1
A0115,99,1421667.57,28433.35,48,49,2,0,4,1,842,0,1
A0116,108,1351319.95,24130.71,53,50,2,1,0,0,842,0,1
A0117,98,870404.75,21229.38,40,54,2,1,0,0,842,0,1
A0118,95,1152747.92,20584.78,55,38,2,1,4,1,842,0,1
A0119,106,1231774.85,22810.65,52,51,2,1,4,1,842,0,1
A0120,79,1012930.36,24705.62,40,36,1,1,0,0,842,0,1
A0121,126,1345274.19,20382.94,66,59,4,1,0,0,842,0,1
A0122,91,1309236.21,22969.06,54,30,2,1,4,0,842,0,1
A0123,107,1369993.68,26862.62,50,54,2,0,4,0,842,0,1
A0124,113,1395877.74,24066.86,57,54,2,1,4,0,842,0,1
A0125,102,1131684.02,25720.09,44,58,1,1,4,0,842,0,1
A0126,93,1150060.25,25556.89,44,45,2,1,0,0,842,0,1
A0127,103,1298725.92,25974.52,50,52,2,1,0,0,842,0,1
A0128,94,1335958.43,23437.87,55,37,2,0,4,1,842,0,1
A0129,97,980436.5,21313.84,45,48,2,1,4,0,842,0,1
A0130,100,871308.09,19802.46,44,54,1,0,0,0,0,0,0
A0131,86,1001212.46,23284.01,42,43,2,0,0,0,0,0,0
A0132,97,1068310.66,21366.21,47,45,2,1,0,0,842,0,1
A0133,86,877923.58,24386.77,36,49,3,1,0,0,842,0,1
A0134,101,1365786.41,29691.01,43,55,1,1,0,0,842,0,1
A0135,103,1255321.24,23685.31,53,49,2,1,0,0,842,0,1
A0136,95,1126587.85,25035.29,44,49,2,1,4,0,842,0,1
A0137,97,1390727.92,27814.56,49,46,1,1,0,0,842,0,1
A0138,122,1155984.94,18950.57,61,54,2,1,4,0,842,0,1
A0139,97,915544.75,23475.51,39,57,1,1,0,0,842,0,1
A0140,90,930941.24,24498.45,38,51,2,1,0,0,842,0,1
A0141,92,983374.9,21377.72,45,44,2,1,0,0,842,0,1
A0142,104,1389009.61,23948.44,56,46,2,1,0,0,842,0,1
A0143,88,1094248.08,23788.0,45,42,2,1,4,0,842,0,1
A0144,101,1100547.2,22460.15,48,51,1,0,0,0,0,0,0
A0145,114,1135332.28,22706.65,48,62,2,1,4,0,842,0,1
A0146,111,1117671.47,23284.82,48,58,1,1,0,1,842,0,1
A0147,112,1532179.76,24712.58,61,50,1,0,4,0,842,0,1
A0148,91,1145922.42,24381.33,45,43,2,0,0,0,0,0,0
A0149,83,729707.44,21461.98,34,47,1,1,0,0,842,0,1
A0150,92,1115429.07,24248.46,44,44,2,0,0,0,0,0,0
A0151,105,975036.47,21196.44,45,54,2,0,0,0,0,0,0
A0152,93,1163966.19,23754.41,48,44,2,1,0,1,842,0,1
A0153,114,1505926.0,25524.17,56,53,2,1,0,1,842,0,1
A0154,104,1224950.18,22271.82,53,45,2,1,0,0,842,0,1
A0155,97,1227092.5,26108.35,45,50,1,1,0,0,842,0,1
A0156,110,1347263.96,23636.21,56,53,2,1,0,0,842,0,1
A0157,91,1092378.55,26643.38,41,50,1,1,0,0,842,0,1
A0158,112,1521337.67,24148.22,63,47,2,1,4,0,842,0,1
A0159,101,1037292.58,17581.23,58,42,2,1,0,0,842,0,1
A0160,108,1147882.75,20870.6,53,52,2,1,0,0,842,0,1
A0161,106,1235215.88,28073.09,43,61,2,1,0,0,842,0,1
A0162,99,1372106.99,25888.81,52,45,2,1,0,0,842,0,1
A0163,75,1189146.55,27026.06,43,31,1,1,0,0,842,0,1
A0164,97,1377455.17,25508.43,52,43,2,0,0,1,842,0,1
A0165,93,1082087.5,23523.64,45,47,1,1,0,0,842,0,1
A0166,94,1271002.25,26479.21,47,46,2,0,0,0,0,0,0
A0167,115,1022902.2,19300.04,53,59,3,1,0,0,842,0,1
A0168,101,1287297.99,26271.39,48,51,2,0,4,1,842,0,1
A0169,101,1352224.49,25513.67,53,47,1,0,0,1,842,0,1
A0170,111,1259288.03,25185.76,50,59,1,0,0,0,0,0,0
A0171,92,943797.03,21948.77,42,49,2,1,0,0,842,0,1
A0172,117,1294365.6,20876.86,62,55,3,1,4,0,842,0,1
A0173,92,1004897.84,18960.34,50,38,3,1,0,0,842,0,1
A0174,95,1349905.41,24105.45,53,38,2,1,0,0,842,0,1
A0175,90,1116469.39,27230.96,41,49,2,1,0,0,842,0,1
A0176,90,1082578.36,26404.35,40,48,3,0,4,0,842,0,1
A0177,95,1139594.56,27133.2,42,51,2,1,0,0,842,0,1
A0178,98,1159705.38,23667.46,48,48,2,1,0,0,842,0,1
A0179,94,1136833.08,25837.12,44,48,2,0,0,0,0,0,0
A0180,73,541637.16,19344.18,28,45,1,1,0,0,842,0,1
A0181,97,1003125.32,21807.07,46,48,1,1,4,0,842,0,1
A0182,117,1381717.21,23028.62,59,56,2,1,0,0,842,0,1
A0183,100,1310295.89,27878.64,42,52,1,0,0,1,842,0,1
A0184,102,1386436.92,29498.66,44,53,2,1,4,0,842,0,1
A0185,102,1203433.71,24559.87,47,52,2,1,0,0,842,0,1
A0186,89,1091124.02,21822.48,46,37,2,1,0,1,842,0,1
A0187,89,997633.48,22673.49,44,44,2,0,4,0,842,0,1
A0188,116,1563801.73,25222.61,60,53,2,1,4,0,842,0,1
A0189,100,963928.53,23510.45,40,56,2,0,0,0,0,0,0
A0190,84,1226465.4,25551.36,44,36,1,0,0,0,0,0,0
A0191,112,1396919.31,24944.99,56,55,2,1,4,0,842,0,1
A0192,105,1250608.99,22738.35,54,50,2,1,4,0,842,0,1
A0193,131,1850923.03,26441.76,69,58,2,1,0,0,842,0,1
A0194,77,992289.72,24807.24,39,37,1,0,0,0,0,0,0
A0195,101,1073514.49,23337.27,46,55,2,1,0,0,842,0,1
A0196,92,1169206.71,25417.54,45,46,1,0,4,0,842,0,1
A0197,110,1665972.27,25630.34,61,45,2,1,0,0,842,0,1
A0198,94,1208215.89,25171.16,47,46,2,0,0,0,0,0,0
A0199,95,1264904.39,22191.31,55,38,2,1,4,0,842,0,1
A0200,97,1067377.66,24258.58,43,52,2,1,0,0,842,0,1
A0201,95,1149881.61,22113.11,51,42,2,1,0,0,842,0,1
A0202,106,1055818.71,25751.68,39,64,1,1,0,0,842,0,1
A0203,90,1355904.98,27671.53,46,41,2,0,0,0,0,0,0
A0204,90,1098631.62,24414.04,44,43,2,0,4,0,842,0,1
A0205,94,1151441.85,23988.37,48,45,2,1,0,0,842,0,1
A0206,109,1468405.99,26698.29,54,53,2,1,0,1,842,0,1
A0207,88,1023687.64,23806.69,43,44,1,0,0,0,0,0,0
A0208,89,1204633.18,26769.63,44,44,1,1,0,0,842,0,1
A0209,91,1097470.03,22397.35,48,42,2,0,4,0,842,0,1
A0210,86,1099831.8,24440.71,42,41,2,1,0,0,842,0,1
A0211,95,1225030.86,25521.48,48,45,2,1,4,0,842,0,1
A0212,101,1125814.84,25586.7,44,55,2,0,0,0,0,0,0
A0213,120,1835785.59,26605.59,67,50,3,1,0,0,842,0,1
A0214,91,819531.59,17073.57,46,43,1,1,0,0,842,0,1
A0215,106,1116753.76,23265.7,48,57,2,0,0,0,0,0,0
A0216,86,1144252.9,24875.06,46,38,2,0,0,1,842,0,1
A0217,74,840311.9,24008.91,33,37,1,1,0,0,842,0,1
A0218,99,1117392.25,23774.3,45,51,2,1,4,0,842,0,1
A0219,85,1075565.26,25013.15,39,39,2,0,4,0,842,0,1
A0220,105,1170289.16,24381.02,47,55,1,1,0,0,842,0,1
A0221,92,1210112.14,28142.14,43,46,2,1,0,0,842,0,1
A0222,95,1350927.39,27569.95,48,45,2,1,0,0,842,0,1
A0223,104,1352569.4,24153.02,55,48,2,0,0,0,0,0,0
A0224,91,1414648.59,27738.21,50,40,2,0,0,0,0,0,0
A0225,118,1806416.79,25805.95,70,46,2,1,0,0,842,0,1
A0226,112,1101160.65,23938.28,46,63,2,1,4,0,842,0,1
A0227,86,849954.3,22367.22,37,48,2,1,0,0,842,0,1
A0228,101,1065412.55,22196.09,48,52,2,1,0,0,842,0,1
A0229,94,1178514.1,26189.2,45,49,2,1,0,0,842,0,1
A0230,100,961458.9,21365.75,44,55,2,1,4,1,842,0,1
A0231,126,1301553.41,24557.61,52,72,2,1,0,0,842,0,1
A0232,99,865856.36,16651.08,52,47,3,1,0,0,842,0,1
A0233,80,1123790.48,25540.69,44,36,2,1,0,0,842,0,1
A0234,91,1182647.01,25709.72,44,43,2,1,0,0,842,0,1
A0235,97,1544522.12,29702.35,52,44,2,1,0,1,842,0,1
A0236,82,1177217.16,28028.98,41,40,2,1,0,0,842,0,1
A0237,85,1166533.16,27128.68,42,41,1,1,0,0,842,0,1
A0238,87,1085096.17,27822.98,39,48,2,0,0,1,842,0,1
A0239,97,1380950.42,25108.19,55,42,3,1,0,0,842,0,1
A0240,98,1398452.69,27420.64,50,47,1,1,0,0,842,0,1
A0241,103,1463060.13,26601.09,54,48,2,1,0,1,842,0,1
A0242,88,984475.94,22374.45,43,43,2,0,4,0,842,0,1
A0243,77,659323.89,22735.31,29,45,2,1,0,1,842,0,1
A0244,110,1443331.64,25773.78,56,53,2,1,0,1,842,0,1
A0245,120,1080092.66,21601.85,49,69,2,1,0,0,842,0,1
A0246,91,1131092.13,24588.96,44,45,2,1,0,1,842,0,1
A0247,101,1263090.2,20372.42,61,37,2,1,0,1,842,0,1
A0248,91,1031062.51,25147.87,38,49,2,1,0,0,842,0,1
A0249,91,1020101.36,23184.12,43,46,2,1,0,0,842,0,1
A0250,106,1405994.67,27038.36,50,54,2,1,0,1,842,0,1
A0251,102,1078611.74,22949.19,46,55,2,1,4,1,842,0,1
A0252,103,1228134.47,25063.97,48,53,1,1,0,0,842,0,1
A0253,97,1368064.62,24001.13,54,39,2,1,0,0,842,0,1
A0254,98,1441675.98,28268.16,49,45,2,0,0,0,0,0,0
A0255,100,1224536.13,22676.59,53,45,2,1,0,0,842,0,1
A0256,103,1314322.45,23058.29,55,44,3,1,0,0,842,0,1
A0257,102,1200181.51,25003.78,47,53,2,1,0,0,842,0,1
A0258,92,1000074.82,20834.89,47,44,2,1,0,1,842,0,1
A0259,113,1611469.38,29299.44,55,56,1,1,4,1,842,0,1
A0260,77,801163.15,26705.44,30,45,2,1,0,0,842,0,1
A0261,96,1044188.24,23204.18,43,50,2,0,0,0,0,0,0
A0262,96,1409490.0,24301.55,57,36,2,1,0,0,842,0,1
A0263,88,958981.89,22301.9,42,45,2,1,0,0,842,0,1
A0264,102,1109152.43,22635.76,48,53,2,1,0,0,842,0,1
A0265,121,1399259.42,20884.47,64,54,2,1,0,0,842,0,1
A0266,101,1262391.97,26299.83,47,51,2,0,4,0,842,0,1
A0267,115,1464244.35,24404.07,58,53,2,0,4,0,842,0,1
A0268,98,1191383.02,24820.48,47,47,2,1,0,0,842,0,1
A0269,100,1148804.48,24442.65,46,51,2,1,0,0,842,0,1
A0270,100,1338177.53,24781.07,49,46,2,1,0,1,842,0,1
A0271,86,1451626.36,27389.18,50,33,2,1,0,0,842,0,1
A0272,83,985828.76,27384.13,36,46,1,0,0,0,0,0,0
A0273,104,1156560.99,21821.91,53,50,2,1,0,1,842,0,1
A0274,91,1085976.17,27149.4,39,49,2,1,4,0,842,0,1
A0275,114,1496131.97,26716.64,53,55,2,0,0,0,0,0,0
A0276,117,1615719.29,23760.58,66,49,2,1,0,0,842,0,1
A0277,120,1632031.8,24000.47,66,45,2,1,4,0,842,0,1
A0278,86,997778.35,26257.32,38,48,2,1,0,0,842,0,1
A0279,104,1228511.38,25071.66,49,55,2,1,0,1,842,0,1
A0280,104,1354803.84,24192.93,56,46,2,1,4,1,842,0,1
A0281,96,1259270.17,23319.82,53,40,2,1,0,0,842,0,1
A0282,107,1399435.21,21529.77,64,42,3,1,4,1,842,0,1
A0283,107,1346864.18,23629.2,53,48,2,1,0,1,842,0,1
A0284,79,1005025.77,27917.38,35,42,2,1,0,1,842,0,1
A0285,111,1490112.36,25691.59,57,51,1,0,0,0,0,0,0
A0286,106,1399436.16,24128.21,54,48,1,1,0,1,842,0,1
A0287,116,1230247.18,25107.09,49,65,2,1,4,0,842,0,1
A0288,109,1232780.42,22013.94,53,50,2,0,4,0,842,0,1
A0289,103,1221322.94,26550.5,45,56,2,1,0,0,842,0,1
A0290,107,1322860.6,24497.42,53,53,2,1,4,0,842,0,1
A0291,98,1004589.65,21838.91,44,52,2,1,4,0,842,0,1
A0292,110,1351813.53,22912.09,56,50,2,0,0,0,0,0,0
A0293,96,998382.38,22690.51,43,51,2,0,0,1,842,0,1
A0294,106,1406924.77,22692.34,61,44,2,1,0,1,842,0,1
A0295,95,1402174.09,25494.07,55,40,1,1,4,0,842,0,1
A0296,115,1172336.12,24943.32,45,65,2,1,4,1,842,0,1
A0297,79,941371.73,21892.37,43,36,2,1,0,0,842,0,1
A0298,97,1094526.52,23794.05,45,50,1,1,0,0,842,0,1
A0299,95,911755.15,21708.46,42,52,2,0,0,1,842,0,1
A0300,90,1113809.96,21419.42,50,36,2,1,0,1,842,0,1
A0301,105,1730192.83,28836.55,56,45,2,1,0,0,842,0,1
A0302,98,1120775.0,23846.28,47,51,2,1,4,0,842,0,1
A0303,115,1048618.02,20561.14,50,62,2,1,0,0,842,0,1
A0304,79,977756.89,28757.56,32,44,1,0,0,0,0,0,0
A0305,85,855846.53,20377.3,41,42,2,0,4,1,842,0,1
A0306,108,1193903.11,24365.37,47,56,1,1,0,0,842,0,1
A0307,86,846279.36,23507.76,35,48,2,1,0,0,842,0,1
A0308,107,1400608.12,26426.57,51,51,2,1,0,0,842,0,1
A0309,100,1119490.09,22846.74,49,50,2,0,4,0,842,0,1
A0310,105,1206357.69,22761.47,51,52,2,0,0,0,0,0,0
A0311,106,1288389.44,24309.23,52,51,1,1,0,0,842,0,1
A0312,121,1442395.95,26225.38,54,65,2,1,0,1,842,0,1
A0313,84,947396.06,25605.3,37,47,1,0,4,0,842,0,1
A0314,111,1736347.61,27130.43,63,47,2,1,0,0,842,0,1
A0315,110,1534244.89,26004.15,58,51,2,1,0,0,842,0,1
A0316,97,1383387.06,28232.39,47,46,1,1,0,0,842,0,1
A0317,82,1049276.03,27612.53,38,42,1,0,0,0,0,0,0
A0318,91,1210271.31,29518.81,41,48,1,1,4,0,842,0,1
A0319,107,1478984.54,29579.69,47,53,2,0,0,0,0,0,0
A0320,108,968105.49,20168.86,46,56,2,1,4,0,842,0,1
A0321,106,1022645.96,17332.98,57,47,3,1,0,0,842,0,1
A0322,112,1233507.81,22842.74,53,57,2,1,4,1,842,0,1
A0323,75,945966.59,26276.85,36,37,1,1,0,0,842,0,1
A0324,95,880044.44,22001.11,39,54,1,1,0,0,842,0,1
A0325,91,1265738.18,27516.05,45,43,2,0,0,0,0,0,0
A0326,72,1073303.5,24960.55,41,29,2,0,0,0,0,0,0
A0327,87,1194863.47,24892.99,47,38,2,1,0,0,842,0,1
A0328,104,1340600.83,23939.3,55,48,2,1,0,1,842,0,1
A0329,113,1033734.84,19879.52,51,60,2,1,0,0,842,0,1
A0330,81,1055447.43,25129.7,40,38,2,1,0,0,842,0,1
A0331,111,1228177.74,22330.5,54,54,1,1,0,0,842,0,1
A0332,96,1340649.03,27930.19,47,47,2,1,0,1,842,0,1
A0333,101,1156984.74,26295.11,43,53,1,1,4,1,842,0,1
A0334,108,1281508.6,24179.41,50,53,1,1,0,0,842,0,1
A0335,106,1201582.26,25032.96,47,54,2,0,4,0,842,0,1
A0336,99,973596.44,20283.26,47,49,1,1,4,0,842,0,1
A0337,100,1220344.93,23025.38,53,47,2,0,0,0,0,0,0
A0338,90,1258313.31,24198.33,52,38,1,0,0,0,0,0,0
A0339,75,710348.64,20295.68,34,38,2,1,0,0,842,0,1
A0340,117,1390172.22,20443.71,66,49,2,1,0,0,842,0,1
A0341,93,1403689.4,25065.88,54,36,2,0,0,0,0,0,0
A0342,100,1296613.61,24464.41,52,45,1,1,0,0,842,0,1
A0343,104,1374525.06,26951.47,51,53,2,1,0,0,842,0,1
A0344,102,1112193.66,24178.12,46,54,1,1,4,1,842,0,1
A0345,108,1173954.92,24457.39,48,59,2,1,0,0,842,0,1
A0346,90,956377.57,25167.83,38,50,2,1,4,0,842,0,1
A0347,95,896134.34,19481.18,44,48,2,1,0,0,842,0,1
A0348,104,1279943.15,26121.29,49,53,2,1,0,0,842,0,1
A0349,115,1480595.95,22098.45,67,48,2,0,0,0,0,0,0
A0350,96,1240592.33,24811.85,49,44,1,1,0,0,842,0,1
A0351,85,1077040.98,28343.18,36,47,2,0,0,0,0,0,0
A0352,125,1105132.87,18418.88,58,63,3,1,4,0,842,0,1
A0353,108,1205806.59,25120.97,46,60,1,1,0,0,842,0,1
A0354,93,1342289.38,27964.36,47,44,2,1,0,0,842,0,1
A0355,123,1500444.78,25431.27,57,60,2,1,0,0,842,0,1
A0356,96,1054009.57,22425.74,46,48,2,1,0,1,842,0,1
A0357,113,1492265.66,24463.37,59,51,2,1,4,0,842,0,1
A0358,93,1179535.58,23590.71,46,42,2,0,0,0,0,0,0
A0359,86,918561.63,23552.86,38,46,1,0,0,1,842,0,1
A0360,109,1308029.28,21097.25,61,47,2,0,0,0,0,0,0
A0361,99,1033905.73,22476.21,45,52,2,1,0,1,842,0,1
A0362,92,1087718.94,27890.23,38,52,2,1,0,0,842,0,1
A0363,85,1161099.44,22766.66,49,33,2,0,0,0,0,0,0
A0364,99,1459661.58,26065.39,54,43,2,1,0,0,842,0,1
A0365,102,1275895.87,22384.14,53,45,2,1,0,0,842,0,1
A0366,106,1366414.81,24400.26,56,49,2,0,0,0,0,0,0
A0367,84,1018278.42,24836.06,41,41,2,1,0,0,842,0,1
A0368,110,1232904.78,23262.35,52,57,2,1,0,0,842,0,1
A0369,115,1636160.45,25565.01,61,51,2,1,0,0,842,0,1
A0370,95,1140391.23,24791.11,44,48,2,1,0,0,842,0,1
A0371,103,1247956.14,24469.73,49,50,1,0,0,0,0,0,0
A0372,77,850331.15,22981.92,34,40,3,1,0,0,842,0,1
A0373,117,1422625.96,25404.04,55,60,2,1,0,0,842,0,1
A0374,123,1550763.72,25012.32,58,57,2,1,0,1,842,0,1
A0375,95,1158893.64,25193.34,44,47,2,0,4,0,842,0,1
A0376,88,1286900.25,25233.34,48,37,2,1,4,0,842,0,1
A0377,110,962356.64,16039.28,56,49,3,1,4,0,842,0,1
A0378,101,1138316.87,22319.94,50,48,2,1,0,1,842,0,1
A0379,115,1385437.09,23090.62,60,53,2,0,4,0,842,0,1
A0380,94,970399.2,23104.74,41,52,1,1,0,0,842,0,1
A0381,107,1460199.94,27040.74,53,52,2,1,0,0,842,0,1
A0382,101,1253321.25,28484.57,44,52,2,0,0,0,0,0,0
A0383,97,1166337.5,23326.75,48,46,3,0,0,0,0,0,0
A0384,91,1181768.14,27482.98,42,47,2,1,0,0,842,0,1
A0385,94,990098.83,21523.89,46,48,2,0,0,0,0,0,0
A0386,98,1005168.63,25773.55,39,59,1,1,0,0,842,0,1
A0387,105,1046080.37,20921.61,48,55,2,1,4,0,842,0,1
A0388,80,1003501.86,24475.66,40,36,1,0,0,0,0,0,0
A0389,97,1256681.58,24166.95,52,44,2,1,0,1,842,0,1
A0390,96,1123522.54,20805.97,53,41,2,1,0,1,842,0,1
A0391,106,1635845.77,28699.05,53,48,2,1,0,0,842,0,1
A0392,97,1324829.48,23657.67,54,40,2,1,0,0,842,0,1
A0393,104,1350141.92,25002.63,51,49,2,1,0,0,842,0,1
A0394,90,931188.41,22711.91,41,48,2,1,0,1,842,0,1
A0395,120,1390536.68,27265.43,50,67,2,1,0,1,842,0,1
A0396,90,1221920.17,23055.1,52,37,2,1,0,0,842,0,1
A0397,88,743892.3,21254.07,34,51,2,1,0,0,842,0,1
A0398,92,844756.48,19199.01,41,47,2,1,0,0,842,0,1
A0399,103,1471618.92,23735.79,62,41,2,1,4,0,842,0,1
A0400,87,1163397.42,26440.85,44,43,2,0,0,0,0,0,0
A0401,91,1174865.4,26108.12,44,46,2,0,4,0,842,0,1
A0402,92,961158.41,26698.84,36,54,2,1,0,0,842,0,1
A0403,93,1205710.22,24606.33,48,44,1,1,4,0,842,0,1
A0404,102,1164193.79,22388.34,51,50,1,1,0,1,842,0,1
A0405,95,929542.66,24461.65,38,57,2,1,4,0,842,0,1
A0406,105,1515779.13,26134.12,58,46,2,1,0,0,842,0,1
A0407,116,1265470.18,23008.55,54,58,2,1,0,0,842,0,1
A0408,102,1334248.35,22614.38,59,42,2,1,0,0,842,0,1
A0409,111,1540629.43,28530.17,52,55,2,1,4,0,842,0,1
A0410,84,982237.82,23386.61,42,41,2,1,0,1,842,0,1
A0411,103,1105900.29,25134.1,43,57,1,1,0,1,842,0,1
A0412,102,1079588.88,21168.41,48,49,2,1,4,0,842,0,1
A0413,114,1223510.56,24470.21,49,61,2,0,0,0,0,0,0
A0414,93,1086642.06,25270.75,42,50,2,1,0,0,842,0,1
A0415,92,1169836.66,23874.22,48,42,2,1,4,0,842,0,1
A0416,91,1214239.45,24284.79,49,40,2,1,0,0,842,0,1
A0417,104,1270208.09,22682.29,54,45,3,0,4,0,842,0,1
A0418,117,1232518.01,25677.46,48,66,2,0,0,0,0,0,0
A0419,111,1289519.85,23445.82,52,54,2,1,0,0,842,0,1
A0420,96,1291649.38,25832.99,50,46,2,1,0,0,842,0,1
A0421,110,1118798.81,22832.63,48,59,1,0,0,1,842,0,1
A0422,90,943437.93,23010.68,40,47,2,0,0,0,0,0,0
A0423,99,1513022.41,25217.04,59,39,2,1,0,0,842,0,1
A0424,97,1196498.03,26588.85,44,50,1,1,0,0,842,0,1
A0425,83,1031694.15,21493.63,47,34,2,1,0,0,842,0,1
A0426,101,1371117.12,24484.23,55,44,2,1,4,1,842,0,1
A0427,106,1095044.92,20661.22,51,53,3,1,0,0,842,0,1
A0428,99,1283786.49,23341.57,54,42,2,0,0,0,0,0,0
A0429,112,1514530.41,24040.17,61,46,2,1,0,0,842,0,1
A0430,107,1049282.59,22325.16,46,58,1,1,4,1,842,0,1
A0431,92,1105667.03,24036.24,45,45,2,1,4,0,842,0,1
A0432,83,977257.84,25717.31,38,45,2,1,0,0,842,0,1
A0433,90,1323433.19,27571.52,47,41,2,1,0,1,842,0,1
A0434,77,718898.92,21784.82,32,44,2,1,0,1,842,0,1
A0435,102,1224246.74,24004.84,50,50,1,1,0,0,842,0,1
A0436,95,1133920.97,23141.24,46,44,2,0,0,0,0,0,0
A0437,110,1018278.56,21665.5,47,63,2,1,4,0,842,0,1
A0438,116,963404.5,22938.2,41,70,2,1,0,0,842,0,1
A0439,122,1417575.95,23238.95,60,61,2,1,0,1,842,0,1
A0440,106,1348929.77,23257.41,57,47,2,1,0,0,842,0,1
A0441,98,1392015.21,28408.47,49,48,2,1,0,0,842,0,1
A0442,106,1186781.25,25250.66,46,59,1,1,0,0,842,0,1
A0443,76,1023124.39,24954.25,41,33,2,0,0,0,0,0,0
A0444,105,1282547.93,25650.96,49,55,2,0,0,0,0,0,0
A0445,97,1166631.71,24821.95,47,49,2,1,4,0,842,0,1
A0446,108,1257772.67,25155.45,50,58,2,1,0,0,842,0,1
A0447,124,1524675.43,26287.51,57,63,2,1,0,1,842,0,1
A0448,86,1098855.51,26163.23,42,43,2,1,0,0,842,0,1
A0449,106,1165143.21,20441.11,55,48,2,1,0,1,842,0,1
A0450,123,1519927.72,23748.87,62,56,2,0,0,0,0,0,0
A0451,109,1137831.46,24209.18,46,60,2,1,0,0,842,0,1
A0452,104,1005086.89,23374.11,42,59,2,0,0,0,0,0,0
A0453,94,1360904.37,28352.17,46,43,1,1,4,0,842,0,1
A0454,116,939010.34,17389.08,53,60,2,1,4,1,842,0,1
A0455,78,913436.74,26098.19,35,43,2,1,0,0,842,0,1
A0456,105,952096.7,18309.55,51,51,3,1,0,0,842,0,1
A0457,99,1154994.93,25108.59,46,53,2,1,0,0,842,0,1
A0458,85,1207379.53,29448.28,40,44,2,0,0,0,0,0,0
A0459,91,971096.34,24899.91,39,52,1,0,0,0,0,0,0
A0460,119,1283792.72,22924.87,55,62,2,1,0,0,842,0,1
A0461,115,1713836.14,31160.66,55,58,1,0,0,0,0,0,0
A0462,101,981526.07,23369.67,41,56,1,1,0,1,842,0,1
A0463,110,1470474.05,23340.86,63,46,1,1,0,0,842,0,1
A0464,100,1142815.18,25395.89,44,54,1,1,0,0,842,0,1
A0465,97,1076514.07,26912.85,40,55,1,0,0,1,842,0,1
A0466,98,1184343.87,23686.88,49,47,2,1,0,0,842,0,1
A0467,104,1289265.06,26311.53,49,55,3,0,0,0,0,0,0
A0468,98,1085841.59,20108.18,54,44,2,0,0,0,0,0,0
A0469,80,976275.64,21695.01,44,35,2,1,0,0,842,0,1
A0470,108,1159201.57,19647.48,58,47,2,1,0,1,842,0,1
A0471,91,1148119.01,23919.15,48,41,2,1,4,0,842,0,1
A0472,90,944141.51,24845.83,37,51,2,0,0,0,0,0,0
A0473,110,1550422.08,28189.49,54,52,2,1,0,0,842,0,1
A0474,97,1193369.89,25942.82,43,51,2,1,0,0,842,0,1
A0475,101,1311876.43,29815.37,43,55,1,1,0,0,842,0,1
A0476,90,1044200.29,22700.01,46,43,2,1,4,0,842,0,1
A0477,87,733318.14,18332.95,39,47,2,1,4,1,842,0,1
A0478,84,1112998.64,26499.97,41,42,1,1,0,0,842,0,1
A0479,116,1442356.69,23263.82,61,53,3,0,4,1,842,0,1
A0480,90,1248279.43,23552.44,49,35,2,0,0,0,0,0,0
A0481,95,1020877.68,22192.99,46,48,2,1,0,0,842,0,1
A0482,110,1071515.3,20217.27,51,56,1,0,4,0,842,0,1
A0483,94,1177107.62,25044.84,47,47,1,1,0,0,842,0,1
A0484,97,1331724.63,25610.09,48,43,2,1,0,0,842,0,1
A0485,137,1714972.78,22565.43,71,59,3,1,0,1,842,0,1
A0486,94,1291804.17,25329.49,47,43,2,0,0,0,0,0,0
A0487,98,1606409.58,27696.72,55,40,2,1,0,0,842,0,1
A0488,103,1325176.32,28195.24,46,51,1,1,0,0,842,0,1
A0489,103,1126230.22,20476.91,54,47,1,1,0,1,842,0,1
A0490,101,1267788.92,25873.24,49,50,2,1,0,0,842,0,1
A0491,110,1142773.88,19369.05,57,48,2,1,0,0,842,0,1
A0492,100,1412492.97,25681.69,53,45,1,0,0,0,0,0,0
A0493,126,1559653.82,26434.81,56,65,1,1,0,0,842,0,1
A0494,92,1102608.47,23459.75,46,45,2,1,0,0,842,0,1
A0495,102,1288562.73,24780.05,50,49,2,0,0,0,0,0,0
A0496,120,1052033.0,17831.07,56,60,3,1,0,1,842,0,1
A0497,110,1281666.21,22886.9,52,53,1,1,0,1,842,0,1
A0498,98,1015219.13,24171.88,41,53,2,1,4,0,842,0,1
A0499,104,1075941.5,23909.81,44,57,2,0,4,0,842,0,1
A0500,98,902249.5,24385.12,36,60,2,0,4,0,842,0,1
A0501,119,1504647.45,24666.35,58,55,2,0,4,1,842,0,1
A0502,101,1029715.9,22882.58,43,54,2,1,0,0,842,0,1
A0503,119,1317791.81,22335.45,57,57,2,1,0,0,842,0,1
A0504,92,1128988.89,25658.84,43,48,2,1,0,1,842,0,1
A0505,104,1137793.97,24208.38,45,56,2,0,0,0,0,0,0
A0506,106,1357466.2,22253.54,60,43,2,1,4,0,842,0,1
A0507,120,1123319.23,22924.88,49,68,2,1,4,1,842,0,1
A0508,98,1054575.88,21970.33,48,50,2,1,0,0,842,0,1
A0509,109,1116221.82,23254.62,47,60,2,1,4,0,842,0,1
A0510,100,1185102.89,26934.16,42,56,2,1,0,0,842,0,1
A0511,97,1225062.67,23558.9,49,44,2,0,0,0,0,0,0
A0512,107,994251.32,23122.12,42,62,1,1,4,0,842,0,1
A0513,102,1241168.83,23418.28,52,47,1,0,0,1,842,0,1
A0514,95,1375770.55,23720.18,57,36,2,1,0,0,842,0,1
A0515,101,1245864.87,24428.72,51,47,2,1,4,0,842,0,1
A0516,88,1045998.52,24904.73,41,46,2,0,0,0,0,0,0
A0517,100,955763.7,23894.09,40,58,1,1,0,0,842,0,1
A0518,100,1545886.08,24933.65,59,37,2,0,0,1,842,0,1
A0519,123,1416744.75,23612.41,60,60,2,1,0,0,842,0,1
A0520,98,1380814.25,24224.81,56,41,2,1,0,0,842,0,1
A0521,97,1137118.19,21867.66,51,45,2,1,0,0,842,0,1
A0522,83,951278.14,22649.48,42,41,1,0,0,1,842,0,1
A0523,108,1383660.9,26106.81,51,53,2,1,0,0,842,0,1
A0524,93,920029.92,21905.47,41,49,2,1,0,1,842,0,1
A0525,105,1309577.69,24251.44,53,51,2,1,0,0,842,0,1
A0526,97,1113047.87,23681.87,46,50,2,0,0,0,0,0,0
A0527,107,1280603.38,25109.87,48,53,2,1,4,1,842,0,1
A0528,108,1240235.9,24318.35,48,56,2,1,0,1,842,0,1
A0529,85,955990.93,21727.07,43,41,1,1,0,0,842,0,1
A0530,103,1591253.43,24863.33,61,38,2,1,0,0,842,0,1
A0531,103,1455540.17,26464.37,54,48,2,0,0,0,0,0,0
A0532,84,726040.37,19106.33,37,44,1,1,0,0,842,0,1
A0533,94,1313941.8,25763.56,51,39,1,0,0,0,0,0,0
A0534,95,1343860.93,25355.87,52,41,2,1,0,0,842,0,1
A0535,107,1190994.25,29048.64,40,66,1,1,0,0,842,0,1
A0536,119,1445453.69,25358.84,55,62,2,1,0,0,842,0,1
A0537,99,1335773.09,25203.27,52,45,2,1,0,0,842,0,1
A0538,99,1619297.22,28408.72,55,41,2,1,0,0,842,0,1
A0539,101,1050218.52,22830.84,45,53,2,1,0,0,842,0,1
A0540,106,1359380.51,24274.65,55,48,2,0,4,0,842,0,1
A0541,111,1316217.23,24834.29,53,55,2,1,0,0,842,0,1
A0542,111,1169475.34,24882.45,46,63,1,0,0,1,842,0,1
A0543,89,898695.34,19536.86,46,42,2,1,0,0,842,0,1
A0544,90,1287215.45,29254.9,42,46,1,0,0,0,0,0,0
A0545,87,1215855.18,30396.38,37,44,2,0,0,0,0,0,0
A0546,104,990436.65,18687.48,52,48,2,1,0,1,842,0,1
A0547,113,1700689.22,28825.24,58,53,1,1,0,1,842,0,1
A0548,92,1014478.31,24154.25,42,48,1,1,4,0,842,0,1
A0549,98,1433547.65,29865.58,48,48,2,0,0,0,0,0,0
A0550,93,1181135.38,25130.54,46,45,1,0,0,1,842,0,1
A0551,100,1341631.45,27380.23,48,50,2,0,4,0,842,0,1
A0552,109,1080839.04,22057.94,49,58,1,0,4,0,842,0,1
A0553,109,1151023.82,20554.0,54,52,1,1,0,1,842,0,1
A0554,104,1395127.23,25365.95,55,49,2,1,0,0,842,0,1
A0555,110,1007333.25,25829.06,38,67,1,1,0,0,842,0,1
A0556,86,1079125.87,23980.57,42,41,2,0,0,1,842,0,1
A0557,111,1404594.62,22295.15,61,46,2,1,0,0,842,0,1
A0558,100,1218894.93,23899.9,48,47,2,0,0,0,0,0,0
A0559,107,1355801.79,26584.35,51,55,2,0,0,1,842,0,1
A0560,106,1491384.45,25277.7,58,45,2,1,0,0,842,0,1
A0561,73,879278.78,23764.29,36,34,2,1,4,0,842,0,1
A0562,106,904355.76,16747.33,54,51,3,1,0,0,842,0,1
A0563,91,914098.4,24705.36,37,54,1,1,0,0,842,0,1
A0564,112,1261916.43,23809.74,53,56,2,1,4,0,842,0,1
A0565,91,1094265.39,25448.03,42,47,2,1,0,0,842,0,1
A0566,95,1075039.81,23370.43,44,48,2,1,0,0,842,0,1
A0567,90,1257762.52,23731.37,52,36,2,1,0,1,842,0,1
A0568,91,1063842.82,24178.25,43,46,1,1,0,0,842,0,1
A0569,111,1158364.08,23167.28,47,61,1,1,0,0,842,0,1
A0570,103,1196210.13,26004.57,46,56,2,1,0,0,842,0,1
A0571,104,1245894.73,21857.8,56,46,2,1,0,0,842,0,1
A0572,113,1116746.16,18927.9,58,53,2,1,0,0,842,0,1
A0573,84,1142218.05,26563.21,43,41,2,0,0,0,0,0,0
A0574,111,1216308.76,21719.8,56,52,3,1,0,0,842,0,1
A0575,102,1147983.27,22076.6,51,50,2,1,0,0,842,0,1
A0576,106,1329739.52,23328.76,57,48,2,1,0,0,842,0,1
A0577,98,1142443.27,22400.85,51,47,2,1,0,1,842,0,1
A0578,106,994278.03,22095.07,42,59,2,1,0,0,842,0,1
A0579,102,1075339.19,22879.56,47,53,2,1,0,0,842,0,1
A0580,102,931147.66,23278.69,38,61,1,1,0,0,842,0,1
A0581,102,1489427.36,25679.78,57,42,2,1,0,0,842,0,1
A0582,111,1296951.19,24941.37,52,59,2,0,0,0,0,0,0
A0583,89,997789.92,22173.11,44,44,2,0,0,0,0,0,0
A0584,98,1412884.65,25230.08,54,40,2,1,0,0,842,0,1
A0585,103,1046813.81,23262.53,43,57,2,0,0,0,0,0,0
A0586,109,1154660.71,24055.43,48,61,1,1,0,0,842,0,1
A0587,102,1338869.94,23488.95,54,44,2,1,0,0,842,0,1
A0588,113,1072863.7,21895.18,47,64,1,1,4,0,842,0,1
A0589,90,1042662.19,24247.96,43,45,2,0,0,0,0,0,0
A0590,96,1392283.23,24862.2,56,39,2,1,0,0,842,0,1
A0591,114,1116841.83,21072.49,52,59,2,1,4,0,842,0,1
A0592,93,900287.7,20936.92,43,48,1,1,0,0,842,0,1
A0593,78,1240383.52,25313.95,48,28,1,1,0,0,842,0,1
A0594,105,1218242.49,22985.71,53,51,2,0,0,1,842,0,1
A0595,101,1259273.05,22092.51,56,42,2,0,0,0,0,0,0
A0596,90,1092573.79,26013.66,41,48,2,0,0,1,842,0,1
A0597,113,1517368.58,24473.69,61,50,2,1,0,0,842,0,1
A0598,103,1107827.45,25177.9,41,57,2,1,4,1,842,0,1
A0599,88,1092780.51,26018.58,42,46,2,1,0,0,842,0,1
A0600,111,1190665.46,23813.31,49,60,2,1,4,1,842,0,1
A0601,109,1636404.98,27273.42,57,49,2,1,0,0,842,0,1
A0602,117,1060314.4,20005.93,52,63,2,1,4,1,842,0,1
A0603,92,888565.76,22783.74,39,53,2,0,0,0,0,0,0
A0604,90,1148264.59,22965.29,47,39,2,1,0,0,842,0,1
A0605,109,1766440.61,28490.98,62,45,2,0,0,0,0,0,0
A0606,93,1022324.56,19289.14,51,39,4,1,0,0,842,0,1
A0607,102,1314407.17,23898.31,55,47,2,0,0,1,842,0,1
A0608,94,901110.17,25030.84,35,57,2,0,4,0,842,0,1
A0609,87,1236323.56,28098.26,43,42,2,1,0,0,842,0,1
A0610,96,1321164.22,23592.22,54,39,2,0,0,0,0,0,0
A0611,80,943705.2,25505.55,36,43,1,1,0,1,842,0,1
A0612,88,1444492.77,26263.5,51,33,2,1,4,0,842,0,1
A0613,103,1356952.23,23806.18,55,46,2,0,4,0,842,0,1
A0614,103,1023685.6,20891.54,48,53,2,1,0,0,842,0,1
A0615,95,1186791.15,23735.82,48,43,2,1,0,0,842,0,1
A0616,80,758536.8,22309.91,34,45,3,0,0,0,0,0,0
A0617,104,1250599.63,21562.06,57,45,2,1,4,0,842,0,1
A0618,106,1409490.92,25169.48,53,50,2,1,0,0,842,0,1
A0619,97,1085480.93,25243.74,43,52,2,0,4,0,842,0,1
A0620,89,1066681.8,21769.02,47,39,2,1,0,0,842,0,1
A0621,95,1248117.52,27735.94,43,48,2,1,0,1,842,0,1
A0622,125,1427363.33,21303.93,65,57,2,1,0,0,842,0,1
A0623,97,1028733.56,23380.31,44,52,2,1,0,0,842,0,1
A0624,140,1571016.45,24169.48,60,72,2,1,0,0,842,0,1
A0625,100,981824.22,22314.19,43,55,2,1,0,0,842,0,1
A0626,109,1351801.95,22160.69,59,47,2,1,0,0,842,0,1
A0627,91,1058121.0,23002.63,46,45,2,1,0,1,842,0,1
A0628,109,1205718.28,23186.89,52,56,1,1,0,1,842,0,1
A0629,95,1154502.95,26848.91,43,50,1,1,0,0,842,0,1
A0630,99,1138726.21,21485.4,53,44,2,1,0,0,842,0,1
A0631,107,1384001.72,26615.42,51,55,2,1,4,0,842,0,1
A0632,102,1136790.79,25262.02,44,55,2,1,0,0,842,0,1
A0633,84,1243208.69,27626.86,43,38,1,1,0,0,842,0,1
A0634,105,1430432.42,23071.49,61,42,2,0,4,0,842,0,1
A0635,104,1467023.63,27679.69,51,51,1,1,0,1,842,0,1
A0636,85,1064561.57,24757.25,43,40,2,1,0,0,842,0,1
A0637,100,1314740.12,26831.43,47,47,2,1,0,1,842,0,1
A0638,89,1232007.16,25143.0,49,39,2,1,0,0,842,0,1
A0639,83,984732.65,24618.32,39,42,1,0,0,0,0,0,0
A0640,94,1345810.4,25392.65,50,41,2,0,0,0,0,0,0
A0641,99,1372511.02,25896.43,50,44,1,1,0,0,842,0,1
A0642,103,1266783.35,23901.57,53,49,2,1,0,0,842,0,1
A0643,105,1423924.59,24550.42,58,46,2,0,4,0,842,0,1
A0644,94,1097303.48,21946.07,47,44,2,0,4,0,842,0,1
A0645,122,1582163.78,22602.34,70,51,1,1,0,0,842,0,1
A0646,95,1123142.32,23896.65,47,47,1,1,4,0,842,0,1
A0647,99,1094009.98,21451.18,50,48,2,1,0,0,842,0,1
A0648,99,1292722.58,25854.45,49,49,2,0,0,0,0,0,0
A0649,99,1406817.85,23446.96,59,37,1,1,0,1,842,0,1
A0650,103,1309514.87,23384.19,55,46,1,1,0,0,842,0,1
A0651,85,1151255.16,25583.45,45,40,2,1,0,1,842,0,1
A0652,110,1643955.68,24175.82,68,41,2,1,0,0,842,0,1
A0653,113,1317633.05,26890.47,49,63,2,1,0,0,842,0,1
A0654,108,1605584.6,27682.49,55,49,2,1,0,0,842,0,1
A0655,98,1132319.91,25162.66,41,51,2,1,0,0,842,0,1
A0656,115,1327350.85,24133.65,50,59,2,1,0,0,842,0,1
A0657,110,1407978.44,25142.47,55,53,2,1,0,0,842,0,1
A0658,104,1134078.05,25201.73,43,56,2,1,0,0,842,0,1
A0659,105,1085563.64,18716.61,57,46,1,1,0,1,842,0,1
A0660,93,1371597.06,24492.8,53,37,2,0,4,0,842,0,1
A0661,108,1484764.57,26995.72,53,50,2,0,0,0,0,0,0
A0662,99,1176361.82,25573.08,45,53,1,0,0,0,0,0,0
A0663,86,941554.6,20468.58,45,40,1,1,0,0,842,0,1
A0664,105,1198795.75,24465.22,45,56,2,1,0,0,842,0,1
A0665,86,913259.57,20755.9,44,41,1,1,0,0,842,0,1
A0666,95,1001997.04,23857.07,42,53,2,1,0,0,842,0,1
A0667,89,1068240.29,24278.19,43,45,2,1,0,0,842,0,1
A0668,88,1203500.02,23598.04,48,37,1,1,0,0,842,0,1
A0669,101,1130921.38,24062.16,45,54,2,1,0,0,842,0,1
A0670,110,1242536.16,22591.57,54,53,2,1,4,1,842,0,1
A0671,119,1476956.1,21099.37,67,48,3,1,0,0,842,0,1
A0672,85,894221.29,24168.14,36,48,1,1,0,0,842,0,1
A0673,102,892610.72,20286.61,44,56,2,1,0,0,842,0,1
A0674,110,1551010.02,30411.96,50,58,1,1,0,1,842,0,1
A0675,123,1494708.24,24503.41,57,61,2,1,4,0,842,0,1
A0676,128,1403298.61,25987.01,53,72,2,1,0,1,842,0,1
A0677,95,1050078.35,21430.17,49,46,2,1,4,0,842,0,1
A0678,96,1066059.04,22682.11,47,48,2,1,0,0,842,0,1
A0679,118,1526768.55,24234.42,62,55,2,1,0,0,842,0,1
A0680,101,1122765.05,20413.91,54,46,2,1,4,1,842,0,1
A0681,92,954066.53,22187.59,43,45,1,0,0,0,0,0,0
A0682,123,1280258.62,20987.85,59,61,2,1,4,0,842,0,1
A0683,102,1350233.44,25966.03,52,49,2,0,0,0,0,0,0
A0684,111,1271056.72,24443.4,50,57,2,1,4,0,842,0,1
A0685,100,1172345.6,21710.1,52,45,2,1,0,0,842,0,1
A0686,99,1249977.39,24038.03,51,46,2,1,0,0,842,0,1
A0687,100,1255874.94,25117.5,48,47,2,1,4,0,842,0,1
A0688,99,1290878.17,25817.56,49,47,2,1,0,0,842,0,1
A0689,117,1298577.32,20944.8,61,52,3,1,0,0,842,0,1
A0690,117,1535808.96,25596.82,59,55,2,1,0,0,842,0,1
A0691,93,1511763.41,27486.61,54,38,2,1,0,0,842,0,1
A0692,84,1154568.55,28160.21,39,43,2,1,0,0,842,0,1
A0693,104,1065420.93,22196.27,48,53,1,1,4,0,842,0,1
A0694,101,984677.77,23444.71,42,57,2,1,4,0,842,0,1
A0695,86,731768.74,23605.44,30,54,2,1,4,0,842,0,1
A0696,103,1016905.02,24212.02,41,60,1,1,0,0,842,0,1
A0697,108,1483184.77,26485.44,55,51,2,0,0,1,842,0,1
A0698,98,1020359.67,17294.23,58,39,3,1,0,0,842,0,1
A0699,94,1134170.37,25776.6,43,50,2,0,0,0,0,0,0
A0700,93,1266641.81,24836.11,51,40,2,1,0,0,842,0,1
A0701,109,1284909.05,26768.94,45,60,1,1,4,0,842,0,1
A0702,98,1124315.88,20820.66,52,40,3,1,4,1,842,0,1
A0703,104,1343992.84,26352.8,49,50,2,1,0,0,842,0,1
A0704,96,1366298.93,25779.23,51,41,2,0,0,0,0,0,0
A0705,94,1238097.75,25267.3,48,45,2,1,0,0,842,0,1
A0706,104,1225692.37,20428.21,54,42,4,1,0,0,842,0,1
A0707,102,1130353.03,24572.89,46,55,2,1,0,1,842,0,1
A0708,96,1178967.92,28070.66,42,52,2,0,0,0,0,0,0
A0709,100,1003985.61,21825.77,46,53,2,1,0,0,842,0,1
A0710,86,919218.7,22419.97,41,45,2,1,4,0,842,0,1
A0711,99,1411022.07,25654.95,55,42,2,1,0,0,842,0,1
A0712,119,1375834.45,23721.28,57,60,2,0,0,0,0,0,0
A0713,117,1399754.64,22218.33,62,53,2,1,0,0,842,0,1
A0714,121,1562249.25,25610.64,58,59,2,1,4,0,842,0,1
A0715,93,1122745.66,22014.62,50,40,2,1,0,1,842,0,1
A0716,95,1323096.54,23626.72,54,39,2,1,0,1,842,0,1
A0717,97,1251871.03,26080.65,48,48,2,0,0,0,0,0,0
A0718,75,863464.61,22722.75,38,35,2,0,0,0,0,0,0
A0719,94,1204221.99,25087.96,48,46,2,1,0,1,842,0,1
A0720,112,1400408.1,25933.48,54,57,3,1,0,0,842,0,1
A0721,103,1125740.2,19749.83,53,46,2,1,0,0,842,0,1
A0722,94,1180368.84,24591.02,48,44,2,1,4,0,842,0,1
A0723,82,975737.4,22691.57,41,39,2,1,0,1,842,0,1
A0724,93,1259236.33,24216.08,52,41,2,1,0,1,842,0,1
A0725,91,1000636.31,25015.91,39,47,2,0,0,0,0,0,0
A0726,102,1300809.57,26016.19,50,51,2,1,0,0,842,0,1
A0727,96,1426937.52,25944.32,55,41,2,0,4,0,842,0,1
A0728,93,1064018.66,28000.49,38,55,2,1,0,0,842,0,1
A0729,115,1188570.16,23771.4,50,64,1,1,4,0,842,0,1
A0730,89,1004946.42,25123.66,38,47,2,1,0,0,842,0,1
A0731,95,1175774.58,23515.49,48,43,2,0,4,1,842,0,1
A0732,108,1428486.81,24211.64,57,49,2,1,0,0,842,0,1
A0733,96,1109364.3,23603.5,47,48,2,0,4,0,842,0,1
A0734,78,992627.29,23084.36,42,34,2,1,0,0,842,0,1
A0735,98,1317324.15,26884.17,46,46,1,1,0,0,842,0,1
A0736,101,1065638.88,22673.17,45,51,2,1,0,0,842,0,1
A0737,95,1222773.27,24954.56,46,46,2,1,0,1,842,0,1
A0738,104,1303311.53,24135.4,54,50,2,1,0,1,842,0,1
A0739,101,1264626.46,25292.53,50,50,2,1,0,0,842,0,1
A0740,100,1349847.76,25958.61,50,48,2,1,0,0,842,0,1
A0741,97,1110569.31,23629.13,45,49,1,0,0,0,0,0,0
A0742,103,1277366.88,23654.94,53,47,2,1,0,0,842,0,1
A0743,88,1283342.42,27305.16,46,40,2,1,0,0,842,0,1
A0744,89,1088515.83,24739.0,43,43,2,0,0,0,0,0,0
A0745,111,1483653.88,25580.24,55,53,2,1,0,0,842,0,1
A0746,101,1162749.55,24739.35,44,53,2,1,0,0,842,0,1
A0747,113,1465414.07,22544.83,63,48,2,1,4,0,842,0,1
A0748,102,1442753.89,25311.47,53,44,2,1,0,1,842,0,1
A0749,94,1182497.66,21499.96,53,39,2,1,4,0,842,0,1
A0750,99,1250883.08,25528.23,47,50,2,0,4,0,842,0,1
A0751,100,1420002.58,25357.19,55,43,2,0,0,0,0,0,0
A0752,99,1156707.73,24098.08,48,50,2,1,0,0,842,0,1
A0753,106,1412172.49,24347.8,57,48,2,1,0,0,842,0,1
A0754,113,1198897.12,21798.13,54,57,2,1,4,1,842,0,1
A0755,105,1374905.91,22539.44,60,42,2,1,0,0,842,0,1
A0756,90,1247007.44,25449.13,47,40,2,1,0,0,842,0,1
A0757,117,1245742.4,24914.85,45,63,2,1,0,1,842,0,1
A0758,84,914106.13,22852.65,40,43,1,0,0,0,0,0,0
A0759,94,1323240.42,24504.45,51,40,1,1,0,0,842,0,1
A0760,98,1185476.89,24193.41,48,49,2,1,0,1,842,0,1
A0761,97,1261883.95,24742.82,51,44,2,1,0,0,842,0,1
A0762,93,904674.05,22616.85,40,52,2,1,4,0,842,0,1
A0763,106,897600.72,21892.7,41,63,2,1,0,0,842,0,1
A0764,99,1374770.3,27495.41,48,48,2,1,0,0,842,0,1
A0765,91,1054669.3,22439.77,45,43,2,1,0,0,842,0,1
A0766,91,1212302.84,22873.64,50,38,2,1,4,1,842,0,1
A0767,105,1324875.09,24997.64,51,50,1,0,4,0,842,0,1
A0768,103,1033382.6,21986.86,46,56,2,1,0,0,842,0,1
A0769,91,932223.18,22737.15,40,48,2,1,4,0,842,0,1
A0770,96,1087529.66,26525.11,40,55,2,0,4,0,842,0,1
A0771,106,1364535.58,23939.22,56,48,2,1,0,0,842,0,1
A0772,98,1129916.75,25109.26,44,53,1,0,4,0,842,0,1
A0773,88,1360694.06,25673.47,52,35,2,0,4,0,842,0,1
A0774,100,1034398.27,22986.63,43,55,2,1,0,1,842,0,1
A0775,114,1130176.52,23064.83,49,63,2,0,0,0,0,0,0
A0776,84,1035311.18,26546.44,39,45,2,0,0,0,0,0,0
A0777,99,1603035.5,28625.63,54,43,3,1,0,0,842,0,1
A0778,104,1190523.59,22462.71,52,49,2,1,0,1,842,0,1
A0779,116,1580170.64,24690.17,63,50,2,1,4,0,842,0,1
A0780,100,1246689.22,27704.2,43,54,2,1,0,0,842,0,1
A0781,97,1258152.34,27351.14,45,51,2,0,0,1,842,0,1
A0782,86,937748.15,22327.34,42,42,2,0,0,0,0,0,0
A0783,90,1056286.43,25149.68,42,48,2,1,0,0,842,0,1
A0784,91,980111.74,22275.27,44,45,1,1,4,0,842,0,1
A0785,113,1212549.43,23775.48,49,61,2,1,4,0,842,0,1
A0786,92,1238542.04,27523.16,45,46,2,1,0,0,842,0,1
A0787,102,1442895.75,24877.51,57,44,3,1,4,0,842,0,1
A0788,99,1306660.54,24197.42,53,44,2,1,4,0,842,0,1
A0789,111,1389596.45,27246.99,47,60,2,1,0,0,842,0,1
A0790,99,1295478.43,24442.99,53,45,2,1,4,0,842,0,1
A0791,99,1099669.88,21993.4,50,49,2,1,0,0,842,0,1
A0792,103,1243217.7,26451.44,47,54,2,1,0,1,842,0,1
A0793,86,1232884.39,27397.43,45,41,2,1,0,0,842,0,1
A0794,99,1418049.61,26755.65,51,45,3,1,0,1,842,0,1
A0795,95,1186482.72,21572.41,54,38,2,1,4,0,842,0,1
A0796,76,760127.08,21114.64,36,40,2,1,0,0,842,0,1
A0797,87,907602.69,22136.65,40,44,2,1,0,1,842,0,1
A0798,117,1368269.18,20731.35,61,50,2,1,4,0,842,0,1
A0799,109,1346727.44,26406.42,50,56,2,1,0,0,842,0,1
A0800,127,1384792.33,24294.6,55,65,2,1,0,0,842,0,1
A0801,104,1409731.0,23893.75,58,42,1,0,0,0,0,0,0
A0802,94,913599.87,25377.77,35,56,2,0,4,1,842,0,1
A0803,103,1417924.6,27267.78,51,49,2,1,0,0,842,0,1
A0804,90,1022257.17,21297.02,46,40,2,0,0,0,0,0,0
A0805,104,1414650.14,25720.91,53,49,2,1,0,0,842,0,1
A0806,107,1112112.57,22242.25,46,55,2,1,4,0,842,0,1
A0807,98,1115631.64,27210.53,41,57,1,0,0,1,842,0,1
A0808,103,1464089.82,25242.93,56,44,2,1,0,0,842,0,1
A0809,104,1233800.54,22432.74,54,48,2,1,0,0,842,0,1
A0810,102,1200463.18,25009.65,47,52,1,1,0,0,842,0,1
A0811,84,1176205.42,25025.65,45,36,1,1,0,0,842,0,1
A0812,91,951297.71,19818.7,47,41,2,1,0,1,842,0,1
A0813,96,1395029.87,26827.5,51,43,2,0,0,0,0,0,0
A0814,108,1243446.31,27031.44,45,59,1,0,0,0,0,0,0
A0815,109,1377028.16,25036.88,54,53,2,0,0,0,0,0,0
A0816,99,1074229.3,23871.76,44,52,1,1,0,0,842,0,1
A0817,87,857791.2,23183.55,36,50,2,1,0,0,842,0,1
A0818,97,1171475.58,24405.74,45,49,1,0,0,0,0,0,0
A0819,86,934203.08,22785.44,40,44,2,1,0,0,842,0,1
A0820,103,1268950.56,24881.38,49,51,2,1,0,0,842,0,1
A0821,81,1000993.73,25024.84,40,41,1,1,0,0,842,0,1
A0822,119,1363499.89,25250.0,54,59,2,1,4,0,842,0,1
A0823,95,1003622.53,22809.6,42,50,2,1,4,0,842,0,1
A0824,101,1259441.71,24220.03,52,47,3,0,4,0,842,0,1
A0825,101,1190258.48,26450.19,44,54,3,0,0,0,0,0,0
A0826,95,1100476.94,20379.2,51,40,2,1,4,1,842,0,1
A0827,93,1357600.41,27706.13,46,44,2,1,0,1,842,0,1
A0828,117,1522531.03,21444.1,69,44,2,1,0,1,842,0,1
A0829,114,1263850.1,24781.37,49,60,1,1,0,0,842,0,1
A0830,130,1483782.08,23184.1,63,65,3,1,0,0,842,0,1
A0831,83,970412.8,23105.07,42,40,3,1,4,0,842,0,1
A0832,108,1320621.91,24917.39,51,52,2,0,4,0,842,0,1
A0833,88,1189268.67,25303.59,45,41,2,0,4,0,842,0,1
A0834,109,1410195.14,24740.27,56,50,2,1,0,0,842,0,1
A0835,91,1079980.85,23999.57,43,44,2,1,0,1,842,0,1
A0836,97,1146743.55,24929.21,45,50,2,1,4,0,842,0,1
A0837,120,1321453.76,24933.09,51,63,2,1,4,0,842,0,1
A0838,123,1632003.2,25904.81,60,56,2,1,0,0,842,0,1
A0839,97,1174262.65,23024.76,51,45,2,0,0,1,842,0,1
A0840,113,1350287.01,27005.74,50,63,2,1,0,0,842,0,1
A0841,96,1187594.94,25267.98,46,46,2,1,0,0,842,0,1
A0842,110,1057691.98,20340.23,51,58,2,1,0,0,842,0,1
A0843,96,1209648.71,27492.02,43,52,2,1,0,0,842,0,1
A0844,102,1253911.21,26678.96,46,55,2,1,0,0,842,0,1
A0845,83,1051765.88,25042.04,42,40,2,1,0,0,842,0,1
A0846,112,1506496.78,25533.84,59,51,2,1,0,1,842,0,1
A0847,121,1454002.75,23451.66,61,57,2,1,4,1,842,0,1
A0848,107,1340427.25,23936.2,55,48,1,1,0,0,842,0,1
A0849,105,978334.62,23861.82,41,62,2,1,0,0,842,0,1
A0850,102,1408406.68,27084.74,51,49,2,0,0,0,0,0,0
A0851,97,1090782.91,23208.15,47,48,2,1,0,0,842,0,1
A0852,95,1085210.75,25838.35,41,51,2,1,0,0,842,0,1
A0853,101,1267126.99,25342.54,49,50,2,1,0,0,842,0,1
A0854,101,1419112.3,25802.04,50,44,2,0,0,0,0,0,0
A0855,102,1233098.23,22019.61,54,45,2,1,0,1,842,0,1
A0856,102,982363.7,17861.16,54,46,2,1,0,0,842,0,1
A0857,96,1205401.79,24600.04,48,47,2,0,4,0,842,0,1
A0858,110,1249301.28,26027.11,45,60,2,1,0,1,842,0,1
A0859,84,1164736.92,24781.64,46,37,1,0,0,0,0,0,0
A0860,103,1586403.08,26888.19,56,44,2,1,0,0,842,0,1
A0861,100,1211758.06,24729.76,49,51,1,0,0,0,0,0,0
A0862,105,1378289.11,28128.35,48,55,2,0,4,0,842,0,1
A0863,93,1094009.45,21880.19,48,42,2,1,0,0,842,0,1
A0864,109,1245586.3,22647.02,55,53,2,0,0,1,842,0,1
A0865,118,1819027.21,26750.4,67,48,2,1,0,0,842,0,1
A0866,96,1319584.43,24897.82,49,43,2,1,0,0,842,0,1
A0867,86,1141688.43,25947.46,43,39,1,1,0,0,842,0,1
A0868,107,969855.07,23091.79,42,64,2,1,0,0,842,0,1
A0869,113,1097323.05,22394.35,48,62,1,1,0,1,842,0,1
A0870,99,1011527.66,26619.15,37,58,2,1,4,0,842,0,1
A0871,117,1441800.3,24030.0,60,54,2,0,0,0,0,0,0
A0872,96,1383731.58,25624.66,50,42,2,1,0,0,842,0,1
A0873,91,944531.39,21466.62,44,47,2,1,4,0,842,0,1
A0874,101,1099840.33,22913.34,47,53,2,0,0,0,0,0,0
A0875,82,1010517.94,27311.3,37,45,2,1,0,0,842,0,1
A0876,111,1460071.44,28078.3,52,58,2,1,0,0,842,0,1
A0877,107,1642193.86,26487.0,59,44,2,1,0,0,842,0,1
A0878,87,871194.49,21779.86,40,46,1,1,0,0,842,0,1
A0879,97,1334231.65,23407.57,56,40,2,1,4,0,842,0,1
A0880,105,1324984.32,24999.7,50,52,1,0,4,0,842,0,1
A0881,103,1520139.87,26669.12,56,44,2,1,0,0,842,0,1
A0882,101,1241885.47,24837.71,49,48,1,1,0,0,842,0,1
A0883,122,1603146.61,22579.53,68,49,4,1,0,1,842,0,1
A0884,94,1375317.21,26967.0,50,41,2,0,4,0,842,0,1
A0885,112,1398092.1,26379.1,51,59,2,1,0,1,842,0,1
A0886,99,987081.93,21001.74,44,52,1,0,0,1,842,0,1
A0887,96,1048040.02,24953.33,41,53,2,0,4,0,842,0,1
A0888,102,1174277.57,22582.26,51,49,2,0,0,0,0,0,0
A0889,105,1221279.36,23946.65,51,50,2,1,0,0,842,0,1
A0890,101,1004642.51,23920.06,42,57,2,1,4,0,842,0,1
A0891,116,1203840.95,22293.35,52,61,2,1,0,0,842,0,1
A0892,100,1040574.44,22621.18,44,52,1,1,0,0,842,0,1
A0893,95,1168451.4,27173.29,43,51,2,1,4,0,842,0,1
A0894,114,960362.44,17149.33,54,54,3,1,4,0,842,0,1
A0895,117,1596168.68,27053.71,59,57,2,0,0,0,0,0,0
A0896,85,975054.41,24376.36,39,43,1,1,0,0,842,0,1
A0897,93,1039183.73,23617.81,43,47,2,1,0,0,842,0,1
A0898,96,1154910.29,23569.6,49,44,1,0,4,0,842,0,1
A0899,116,1344330.17,19769.56,68,47,2,1,0,0,842,0,1
A0900,103,892050.57,21757.33,38,62,2,1,0,1,842,0,1
A0901,101,916736.76,21827.07,42,55,2,0,0,0,0,0,0
A0902,111,1302183.48,22451.44,58,51,2,0,0,1,842,0,1
A0903,92,1025898.63,22302.14,45,46,2,0,0,0,0,0,0
A0904,84,876794.11,21919.85,39,43,2,0,0,0,0,0,0
A0905,113,1394221.84,26306.07,52,59,2,1,0,0,842,0,1
A0906,114,1536747.03,24786.24,59,49,2,1,0,1,842,0,1
A0907,122,1762276.57,27111.95,61,56,2,1,0,0,842,0,1
A0908,112,1393455.29,25804.73,54,55,1,1,4,0,842,0,1
A0909,89,1103682.16,26919.08,41,48,2,1,0,0,842,0,1
A0910,104,1363133.0,24784.24,53,46,2,0,0,0,0,0,0
A0911,129,1600514.25,26237.94,61,61,2,1,0,0,842,0,1
A0912,87,1117081.28,27245.88,40,45,2,1,4,0,842,0,1
A0913,102,1673941.32,27899.02,60,40,2,0,4,0,842,0,1
A0914,103,1325014.79,23660.98,55,47,1,1,0,1,842,0,1
A0915,90,1123153.51,25526.22,43,45,2,1,4,0,842,0,1
A0916,105,959855.21,23411.1,39,61,2,1,0,0,842,0,1
A0917,111,1519697.19,24122.18,58,48,2,0,0,0,0,0,0
A0918,116,1287811.24,18138.19,68,45,2,1,0,0,842,0,1
A0919,91,1023887.05,23811.33,42,44,2,1,0,0,842,0,1
A0920,105,1179028.45,23580.57,48,52,2,1,4,0,842,0,1
A0921,93,816131.97,22670.33,36,54,1,1,0,0,842,0,1
A0922,104,1320060.92,28086.4,46,57,2,1,0,0,842,0,1
A0923,95,1129187.83,22583.76,48,43,2,0,0,0,0,0,0
A0924,100,1465859.05,25716.83,56,43,2,0,4,0,842,0,1
A0925,104,1464837.72,27638.45,53,51,2,1,4,0,842,0,1
A0926,88,981684.24,22829.87,43,45,2,1,0,1,842,0,1
A0927,98,1213363.82,25278.41,46,50,2,1,0,0,842,0,1
A0928,91,1029431.6,25735.79,40,51,1,1,0,1,842,0,1
A0929,89,991564.65,25424.73,38,48,1,1,0,1,842,0,1
A0930,100,1377159.14,25502.95,52,46,2,1,0,0,842,0,1
A0931,97,1264073.89,26895.19,46,48,1,0,0,1,842,0,1
A0932,125,1506832.51,25113.88,58,64,2,1,0,0,842,0,1
A0933,90,920069.72,20001.52,44,43,2,1,0,0,842,0,1
A0934,108,1387053.84,23117.56,59,48,2,0,0,0,0,0,0
A0935,105,1460554.39,25623.76,56,45,2,0,0,0,0,0,0
A0936,100,1462467.01,23588.18,62,38,2,1,0,0,842,0,1
A0937,111,1142971.69,21980.22,52,56,2,1,0,1,842,0,1
A0938,113,1455459.35,23102.53,61,47,2,1,0,0,842,0,1
A0939,98,1220406.0,25425.12,47,50,2,1,0,0,842,0,1
A0940,77,924171.91,23104.3,40,35,2,1,0,0,842,0,1
A0941,89,1070003.24,24318.26,44,43,2,1,0,0,842,0,1
A0942,115,1322380.69,24488.53,52,61,2,0,0,0,0,0,0
A0943,132,1583594.29,25960.56,61,70,2,1,4,0,842,0,1
A0944,98,1055340.76,22454.06,45,49,1,1,0,0,842,0,1
A0945,116,1346704.75,23626.4,52,56,2,1,0,1,842,0,1
A0946,104,1206113.29,23649.28,49,52,2,1,0,0,842,0,1
A0947,102,907499.6,21607.13,41,56,1,1,0,0,842,0,1
A0948,101,1667093.35,26888.6,60,39,2,0,0,1,842,0,1
A0949,106,1244009.48,24392.34,49,52,2,0,0,0,0,0,0
A0950,84,1083827.68,24632.45,43,39,1,0,0,0,0,0,0
A0951,85,779858.75,21077.26,37,45,2,1,0,0,842,0,1
A0952,101,956483.56,20350.71,45,54,2,0,0,0,0,0,0
A0953,102,1475990.65,25016.79,55,41,2,0,0,1,842,0,1
A0954,118,1620262.61,24183.02,66,51,2,1,4,0,842,0,1
A0955,120,1289023.87,23018.28,54,64,2,0,0,0,0,0,0
A0956,111,1454328.12,24649.63,59,50,2,1,0,0,842,0,1
A0957,87,823488.74,18715.65,43,41,1,1,0,0,842,0,1
A0958,84,945622.44,23640.56,39,43,2,1,4,0,842,0,1
A0959,109,1347394.17,24951.74,53,53,2,1,4,0,842,0,1
A0960,136,1582759.53,20825.78,75,58,2,1,0,0,842,0,1
A0961,91,1036345.99,23553.32,44,46,2,1,0,0,842,0,1
A0962,101,1159483.89,23662.94,48,52,2,0,4,0,842,0,1
A0963,109,1155100.94,27502.4,42,64,2,1,0,0,842,0,1
A0964,107,1063736.78,24738.06,42,64,2,1,0,0,842,0,1
A0965,87,1013915.31,25997.83,39,46,2,1,0,0,842,0,1
A0966,97,868951.47,21723.79,40,54,2,1,0,1,842,0,1
A0967,90,1322228.92,29382.86,45,43,2,0,0,0,0,0,0
A0968,117,1029324.64,23393.74,42,71,1,1,0,0,842,0,1
A0969,86,1092906.28,23253.33,47,39,2,0,0,0,0,0,0
A0970,95,1054659.57,24526.97,43,50,2,1,0,0,842,0,1
A0971,81,844288.0,21107.2,38,38,1,1,0,0,842,0,1
A0972,101,1113363.48,23688.58,46,53,2,0,0,0,0,0,0
A0973,102,1245710.99,25422.67,49,51,2,1,4,0,842,0,1
A0974,102,1292333.21,24383.65,53,49,2,1,4,0,842,0,1
A0975,114,1608693.63,26811.56,60,51,2,0,0,1,842,0,1
A0976,86,1360072.37,28937.71,45,39,2,1,0,0,842,0,1
A0977,105,1034089.72,22001.91,42,56,2,1,0,0,842,0,1
A0978,91,1333120.25,28364.26,47,42,2,0,0,0,0,0,0
A0979,96,1122596.04,22910.12,47,46,1,0,0,0,0,0,0
A0980,83,911388.7,25316.35,35,45,2,1,0,0,842,0,1
A0981,110,1317357.09,20910.43,61,46,2,1,0,0,842,0,1
A0982,98,830630.68,19776.92,41,54,1,1,0,0,842,0,1
A0983,88,896854.09,20383.05,44,44,2,1,0,0,842,0,1
A0984,102,1326354.92,25506.83,49,47,2,1,0,0,842,0,1
A0985,109,1210728.61,25223.51,44,57,2,1,0,1,842,0,1
A0986,85,1022747.16,25568.68,39,43,2,1,0,0,842,0,1
A0987,105,1564910.67,27454.57,56,47,2,1,0,0,842,0,1
A0988,115,1100696.27,17471.37,60,51,2,1,0,1,842,0,1
A0989,97,1525165.17,27235.09,56,40,2,1,4,0,842,0,1
A0990,79,838104.1,22055.37,38,41,2,0,0,0,0,0,0
A0991,119,1520730.72,21724.72,67,49,3,0,4,1,842,0,1
A0992,114,1654017.0,28517.53,55,55,3,1,0,0,842,0,1
A0993,97,999443.79,22714.63,41,52,2,1,0,0,842,0,1
A0994,97,1128907.03,22135.43,51,45,2,0,0,1,842,0,1
A0995,98,1241287.37,24825.75,48,47,2,1,4,0,842,0,1
A0996,117,1467414.81,24055.98,58,55,2,1,0,1,842,0,1
A0997,97,1273775.37,27101.6,47,46,1,1,0,1,842,0,1
A0998,96,949710.67,21584.33,44,52,2,1,0,0,842,0,1
A0999,110,1356826.93,20874.26,63,45,3,1,0,0,842,0,1
A1000,108,1236901.05,21700.02,57,50,2,1,4,0,842,0,1
